timestamp,on/off,E,U,time,output_state_of_charge
2014-09-14 05:00:00,off,0,0,0,-1
2014-09-14 06:00:00,off,0,0,0,-1
2014-09-14 07:00:00,off,0,0,0,-1
2014-09-14 08:00:00,off,0,0,0,-1
2014-09-14 09:00:00,off,0,0,0,-1
2014-09-14 10:00:00,off,0,0,0,-1
2014-09-14 11:00:00,off,0,0,0,-1
2014-09-14 12:00:00,off,0,0,0,-1
2014-09-14 13:00:00,off,0,0,0,-1
2014-09-14 14:00:00,off,0,0,0,-1
2014-09-14 15:00:00,off,0,0,0,-1
2014-09-14 16:00:00,off,0,0,0,-1
2014-09-14 17:00:00,off,0,0,0,-1
2014-09-14 18:00:00,off,0,0,0,-1
2014-09-14 19:00:00,off,0,0,0,-1
2014-09-14 20:00:00,on,3.6,0.06227473765611636,0:00:00.000235,8.4
2014-09-14 21:00:00,on,3.6,0.0633014939725398,0:00:00.000176,12.0
2014-09-14 22:00:00,off,0,0,0,-1
2014-09-14 23:00:00,off,0,0,0,-1
2014-09-15 00:00:00,off,0,0,0,-1
2014-09-15 01:00:00,off,0,0,0,-1
2014-09-15 02:00:00,off,0,0,0,-1
2014-09-15 03:00:00,off,0,0,0,-1
2014-09-15 04:00:00,off,0,0,0,-1
2014-09-15 05:00:00,off,0,0,0,-1
2014-09-15 06:00:00,off,0,0,0,-1
2014-09-15 07:00:00,off,0,0,0,-1
2014-09-15 08:00:00,off,0,0,0,-1
2014-09-15 09:00:00,off,0,0,0,-1
2014-09-15 10:00:00,off,0,0,0,-1
2014-09-15 11:00:00,off,0,0,0,-1
2014-09-15 12:00:00,off,0,0,0,-1
2014-09-15 13:00:00,off,0,0,0,-1
2014-09-15 14:00:00,off,0,0,0,-1
2014-09-15 15:00:00,off,0,0,0,-1
2014-09-15 16:00:00,off,0,0,0,-1
2014-09-15 17:00:00,off,0,0,0,-1
2014-09-15 18:00:00,off,0,0,0,-1
2014-09-15 19:00:00,off,0,0,0,-1
2014-09-15 20:00:00,on,3.6,0.078496529906988,0:00:00.000294,8.56
2014-09-15 21:00:00,on,0.0,0.0,0:00:00.000309,11.68
2014-09-15 22:00:00,on,0.0,0.0,0:00:00.000171,11.68
2014-09-15 23:00:00,on,0.0,0.0,0:00:00.000200,11.68
2014-09-16 00:00:00,off,0,0,0,-1
2014-09-16 01:00:00,off,0,0,0,-1
2014-09-16 02:00:00,off,0,0,0,-1
2014-09-16 03:00:00,off,0,0,0,-1
2014-09-16 04:00:00,off,0,0,0,-1
2014-09-16 05:00:00,off,0,0,0,-1
2014-09-16 06:00:00,off,0,0,0,-1
2014-09-16 07:00:00,off,0,0,0,-1
2014-09-16 08:00:00,off,0,0,0,-1
2014-09-16 09:00:00,off,0,0,0,-1
2014-09-16 10:00:00,off,0,0,0,-1
2014-09-16 11:00:00,off,0,0,0,-1
2014-09-16 12:00:00,off,0,0,0,-1
2014-09-16 13:00:00,off,0,0,0,-1
2014-09-16 14:00:00,off,0,0,0,-1
2014-09-16 15:00:00,off,0,0,0,-1
2014-09-16 16:00:00,off,0,0,0,-1
2014-09-16 17:00:00,off,0,0,0,-1
2014-09-16 18:00:00,off,0,0,0,-1
2014-09-16 19:00:00,off,0,0,0,-1
2014-09-16 20:00:00,off,0,0,0,-1
2014-09-16 21:00:00,off,0,0,0,-1
2014-09-16 22:00:00,off,0,0,0,-1
2014-09-16 23:00:00,off,0,0,0,-1
2014-09-17 00:00:00,off,0,0,0,-1
2014-09-17 01:00:00,off,0,0,0,-1
2014-09-17 02:00:00,off,0,0,0,-1
2014-09-17 03:00:00,off,0,0,0,-1
2014-09-17 04:00:00,off,0,0,0,-1
2014-09-17 05:00:00,off,0,0,0,-1
2014-09-17 06:00:00,off,0,0,0,-1
2014-09-17 07:00:00,off,0,0,0,-1
2014-09-17 08:00:00,off,0,0,0,-1
2014-09-17 09:00:00,off,0,0,0,-1
2014-09-17 10:00:00,off,0,0,0,-1
2014-09-17 11:00:00,on,3.6,0.05116803199052796,0:00:00.000218,6.32
2014-09-17 12:00:00,off,0,0,0,-1
2014-09-17 13:00:00,off,0,0,0,-1
2014-09-17 14:00:00,off,0,0,0,-1
2014-09-17 15:00:00,off,0,0,0,-1
2014-09-17 16:00:00,off,0,0,0,-1
2014-09-17 17:00:00,off,0,0,0,-1
2014-09-17 18:00:00,off,0,0,0,-1
2014-09-17 19:00:00,off,0,0,0,-1
2014-09-17 20:00:00,off,0,0,0,-1
2014-09-17 21:00:00,on,3.6,0.07910602837800966,0:00:00.000233,12.879999999999999
2014-09-17 22:00:00,off,0,0,0,-1
2014-09-17 23:00:00,off,0,0,0,-1
2014-09-18 00:00:00,off,0,0,0,-1
2014-09-18 01:00:00,off,0,0,0,-1
2014-09-18 02:00:00,off,0,0,0,-1
2014-09-18 03:00:00,off,0,0,0,-1
2014-09-18 04:00:00,off,0,0,0,-1
2014-09-18 05:00:00,off,0,0,0,-1
2014-09-18 06:00:00,off,0,0,0,-1
2014-09-18 07:00:00,off,0,0,0,-1
2014-09-18 08:00:00,off,0,0,0,-1
2014-09-18 09:00:00,off,0,0,0,-1
2014-09-18 10:00:00,off,0,0,0,-1
2014-09-18 11:00:00,off,0,0,0,-1
2014-09-18 12:00:00,off,0,0,0,-1
2014-09-18 13:00:00,off,0,0,0,-1
2014-09-18 14:00:00,off,0,0,0,-1
2014-09-18 15:00:00,on,3.6,0.0546053767204284,0:00:00.000224,14.16
2014-09-18 16:00:00,off,0,0,0,-1
2014-09-18 17:00:00,off,0,0,0,-1
2014-09-18 18:00:00,off,0,0,0,-1
2014-09-18 19:00:00,on,0.0,0.0,0:00:00.000187,11.68
2014-09-18 20:00:00,on,0.0,0.0,0:00:00.000166,11.68
2014-09-18 21:00:00,on,0.0,0.0,0:00:00.000221,11.68
2014-09-18 22:00:00,off,0,0,0,-1
2014-09-18 23:00:00,off,0,0,0,-1
2014-09-19 00:00:00,off,0,0,0,-1
2014-09-19 01:00:00,off,0,0,0,-1
2014-09-19 02:00:00,off,0,0,0,-1
2014-09-19 03:00:00,off,0,0,0,-1
2014-09-19 04:00:00,off,0,0,0,-1
2014-09-19 05:00:00,off,0,0,0,-1
2014-09-19 06:00:00,off,0,0,0,-1
2014-09-19 07:00:00,off,0,0,0,-1
2014-09-19 08:00:00,off,0,0,0,-1
2014-09-19 09:00:00,off,0,0,0,-1
2014-09-19 10:00:00,off,0,0,0,-1
2014-09-19 11:00:00,off,0,0,0,-1
2014-09-19 12:00:00,off,0,0,0,-1
2014-09-19 13:00:00,off,0,0,0,-1
2014-09-19 14:00:00,off,0,0,0,-1
2014-09-19 15:00:00,off,0,0,0,-1
2014-09-19 16:00:00,off,0,0,0,-1
2014-09-19 17:00:00,off,0,0,0,-1
2014-09-19 18:00:00,on,3.6,0.07598075196146958,0:00:00.000194,10.48
2014-09-19 19:00:00,off,0,0,0,-1
2014-09-19 20:00:00,off,0,0,0,-1
2014-09-19 21:00:00,off,0,0,0,-1
2014-09-19 22:00:00,off,0,0,0,-1
2014-09-19 23:00:00,off,0,0,0,-1
2014-09-20 00:00:00,off,0,0,0,-1
2014-09-20 01:00:00,off,0,0,0,-1
2014-09-20 02:00:00,off,0,0,0,-1
2014-09-20 03:00:00,off,0,0,0,-1
2014-09-20 04:00:00,off,0,0,0,-1
2014-09-20 05:00:00,off,0,0,0,-1
2014-09-20 06:00:00,off,0,0,0,-1
2014-09-20 07:00:00,off,0,0,0,-1
2014-09-20 08:00:00,on,3.6,0.07055550143122662,0:00:00.000197,9.2
2014-09-20 09:00:00,off,0,0,0,-1
2014-09-20 10:00:00,off,0,0,0,-1
2014-09-20 11:00:00,off,0,0,0,-1
2014-09-20 12:00:00,off,0,0,0,-1
2014-09-20 13:00:00,off,0,0,0,-1
2014-09-20 14:00:00,on,3.6,0.0526649426668881,0:00:00.000164,11.44
2014-09-20 15:00:00,off,0,0,0,-1
2014-09-20 16:00:00,off,0,0,0,-1
2014-09-20 17:00:00,on,3.6,0.0637052133679389,0:00:00.000850,12.56
2014-09-20 18:00:00,off,0,0,0,-1
2014-09-20 19:00:00,on,3.120000000000001,0.06112402439117428,0:00:00.000195,12.4
2014-09-20 20:00:00,on,0.0,0.0,0:00:00.000185,12.4
2014-09-20 21:00:00,on,0.0,0.0,0:00:00.000228,12.4
2014-09-20 22:00:00,on,0.0,0.0,0:00:00.000190,12.4
2014-09-20 23:00:00,on,0.0,0.0,0:00:00.000219,12.4
2014-09-21 00:00:00,off,0,0,0,-1
2014-09-21 01:00:00,off,0,0,0,-1
2014-09-21 02:00:00,off,0,0,0,-1
2014-09-21 03:00:00,off,0,0,0,-1
2014-09-21 04:00:00,off,0,0,0,-1
2014-09-21 05:00:00,off,0,0,0,-1
2014-09-21 06:00:00,off,0,0,0,-1
2014-09-21 07:00:00,off,0,0,0,-1
2014-09-21 08:00:00,off,0,0,0,-1
2014-09-21 09:00:00,off,0,0,0,-1
2014-09-21 10:00:00,off,0,0,0,-1
2014-09-21 11:00:00,off,0,0,0,-1
2014-09-21 12:00:00,off,0,0,0,-1
2014-09-21 13:00:00,off,0,0,0,-1
2014-09-21 14:00:00,off,0,0,0,-1
2014-09-21 15:00:00,off,0,0,0,-1
2014-09-21 16:00:00,off,0,0,0,-1
2014-09-21 17:00:00,off,0,0,0,-1
2014-09-21 18:00:00,off,0,0,0,-1
2014-09-21 19:00:00,off,0,0,0,-1
2014-09-21 20:00:00,off,0,0,0,-1
2014-09-21 21:00:00,on,3.6,0.06959620267152787,0:00:00.000142,9.68
2014-09-21 22:00:00,off,0,0,0,-1
2014-09-21 23:00:00,off,0,0,0,-1
2014-09-22 00:00:00,off,0,0,0,-1
2014-09-22 01:00:00,off,0,0,0,-1
2014-09-22 02:00:00,off,0,0,0,-1
2014-09-22 03:00:00,off,0,0,0,-1
2014-09-22 04:00:00,off,0,0,0,-1
2014-09-22 05:00:00,off,0,0,0,-1
2014-09-22 06:00:00,off,0,0,0,-1
2014-09-22 07:00:00,off,0,0,0,-1
2014-09-22 08:00:00,off,0,0,0,-1
2014-09-22 09:00:00,off,0,0,0,-1
2014-09-22 10:00:00,off,0,0,0,-1
2014-09-22 11:00:00,off,0,0,0,-1
2014-09-22 12:00:00,off,0,0,0,-1
2014-09-22 13:00:00,off,0,0,0,-1
2014-09-22 14:00:00,off,0,0,0,-1
2014-09-22 15:00:00,off,0,0,0,-1
2014-09-22 16:00:00,off,0,0,0,-1
2014-09-22 17:00:00,off,0,0,0,-1
2014-09-22 18:00:00,off,0,0,0,-1
2014-09-22 19:00:00,off,0,0,0,-1
2014-09-22 20:00:00,off,0,0,0,-1
2014-09-22 21:00:00,off,0,0,0,-1
2014-09-22 22:00:00,off,0,0,0,-1
2014-09-22 23:00:00,off,0,0,0,-1
2014-09-23 00:00:00,off,0,0,0,-1
2014-09-23 01:00:00,off,0,0,0,-1
2014-09-23 02:00:00,off,0,0,0,-1
2014-09-23 03:00:00,off,0,0,0,-1
2014-09-23 04:00:00,off,0,0,0,-1
2014-09-23 05:00:00,off,0,0,0,-1
2014-09-23 06:00:00,off,0,0,0,-1
2014-09-23 07:00:00,off,0,0,0,-1
2014-09-23 08:00:00,off,0,0,0,-1
2014-09-23 09:00:00,off,0,0,0,-1
2014-09-23 10:00:00,on,3.6,0.05083339959383004,0:00:00.000204,10.8
2014-09-23 11:00:00,off,0,0,0,-1
2014-09-23 12:00:00,off,0,0,0,-1
2014-09-23 13:00:00,off,0,0,0,-1
2014-09-23 14:00:00,off,0,0,0,-1
2014-09-23 15:00:00,off,0,0,0,-1
2014-09-23 16:00:00,off,0,0,0,-1
2014-09-23 17:00:00,off,0,0,0,-1
2014-09-23 18:00:00,on,3.6,0.0836103156208992,0:00:00.000231,10.96
2014-09-23 19:00:00,off,0,0,0,-1
2014-09-23 20:00:00,off,0,0,0,-1
2014-09-23 21:00:00,off,0,0,0,-1
2014-09-23 22:00:00,off,0,0,0,-1
2014-09-23 23:00:00,off,0,0,0,-1
2014-09-24 00:00:00,off,0,0,0,-1
2014-09-24 01:00:00,off,0,0,0,-1
2014-09-24 02:00:00,off,0,0,0,-1
2014-09-24 03:00:00,off,0,0,0,-1
2014-09-24 04:00:00,off,0,0,0,-1
2014-09-24 05:00:00,off,0,0,0,-1
2014-09-24 06:00:00,off,0,0,0,-1
2014-09-24 07:00:00,off,0,0,0,-1
2014-09-24 08:00:00,off,0,0,0,-1
2014-09-24 09:00:00,off,0,0,0,-1
2014-09-24 10:00:00,off,0,0,0,-1
2014-09-24 11:00:00,off,0,0,0,-1
2014-09-24 12:00:00,off,0,0,0,-1
2014-09-24 13:00:00,off,0,0,0,-1
2014-09-24 14:00:00,off,0,0,0,-1
2014-09-24 15:00:00,off,0,0,0,-1
2014-09-24 16:00:00,off,0,0,0,-1
2014-09-24 17:00:00,off,0,0,0,-1
2014-09-24 18:00:00,off,0,0,0,-1
2014-09-24 19:00:00,off,0,0,0,-1
2014-09-24 20:00:00,off,0,0,0,-1
2014-09-24 21:00:00,off,0,0,0,-1
2014-09-24 22:00:00,off,0,0,0,-1
2014-09-24 23:00:00,off,0,0,0,-1
2014-09-25 00:00:00,on,3.6,0.060806261748075484,0:00:00.000234,10.16
2014-09-25 01:00:00,on,3.6,0.05904044285416596,0:00:00.000206,13.76
2014-09-25 02:00:00,on,2.24,0.0387374687194824,0:00:00.000233,16.0
2014-09-25 03:00:00,on,0.0,0.0,0:00:00.000182,16.0
2014-09-25 04:00:00,on,0.0,0.0,0:00:00.000210,16.0
2014-09-25 05:00:00,off,0,0,0,-1
2014-09-25 06:00:00,off,0,0,0,-1
2014-09-25 07:00:00,off,0,0,0,-1
2014-09-25 08:00:00,off,0,0,0,-1
2014-09-25 09:00:00,off,0,0,0,-1
2014-09-25 10:00:00,off,0,0,0,-1
2014-09-25 11:00:00,off,0,0,0,-1
2014-09-25 12:00:00,off,0,0,0,-1
2014-09-25 13:00:00,on,2.3200000000000003,0.031182677373290005,0:00:00.000276,12.4
2014-09-25 14:00:00,on,0.0,0.0,0:00:00.000217,12.4
2014-09-25 15:00:00,off,0,0,0,-1
2014-09-25 16:00:00,off,0,0,0,-1
2014-09-25 17:00:00,off,0,0,0,-1
2014-09-25 18:00:00,off,0,0,0,-1
2014-09-25 19:00:00,off,0,0,0,-1
2014-09-25 20:00:00,off,0,0,0,-1
2014-09-25 21:00:00,off,0,0,0,-1
2014-09-25 22:00:00,off,0,0,0,-1
2014-09-25 23:00:00,off,0,0,0,-1
2014-09-26 00:00:00,off,0,0,0,-1
2014-09-26 01:00:00,off,0,0,0,-1
2014-09-26 02:00:00,off,0,0,0,-1
2014-09-26 03:00:00,off,0,0,0,-1
2014-09-26 04:00:00,off,0,0,0,-1
2014-09-26 05:00:00,off,0,0,0,-1
2014-09-26 06:00:00,off,0,0,0,-1
2014-09-26 07:00:00,off,0,0,0,-1
2014-09-26 08:00:00,off,0,0,0,-1
2014-09-26 09:00:00,off,0,0,0,-1
2014-09-26 10:00:00,off,0,0,0,-1
2014-09-26 11:00:00,on,3.6,0.04884071275591848,0:00:00.000179,13.04
2014-09-26 12:00:00,off,0,0,0,-1
2014-09-26 13:00:00,off,0,0,0,-1
2014-09-26 14:00:00,on,3.6,0.0425155978649853,0:00:00.000235,13.84
2014-09-26 15:00:00,off,0,0,0,-1
2014-09-26 16:00:00,off,0,0,0,-1
2014-09-26 17:00:00,off,0,0,0,-1
2014-09-26 18:00:00,on,3.6,0.07690805867314332,0:00:00.000198,8.08
2014-09-26 19:00:00,off,0,0,0,-1
2014-09-26 20:00:00,off,0,0,0,-1
2014-09-26 21:00:00,off,0,0,0,-1
2014-09-26 22:00:00,off,0,0,0,-1
2014-09-26 23:00:00,off,0,0,0,-1
2014-09-27 00:00:00,off,0,0,0,-1
2014-09-27 01:00:00,off,0,0,0,-1
2014-09-27 02:00:00,off,0,0,0,-1
2014-09-27 03:00:00,off,0,0,0,-1
2014-09-27 04:00:00,off,0,0,0,-1
2014-09-27 05:00:00,off,0,0,0,-1
2014-09-27 06:00:00,off,0,0,0,-1
2014-09-27 07:00:00,off,0,0,0,-1
2014-09-27 08:00:00,off,0,0,0,-1
2014-09-27 09:00:00,off,0,0,0,-1
2014-09-27 10:00:00,off,0,0,0,-1
2014-09-27 11:00:00,off,0,0,0,-1
2014-09-27 12:00:00,off,0,0,0,-1
2014-09-27 13:00:00,off,0,0,0,-1
2014-09-27 14:00:00,off,0,0,0,-1
2014-09-27 15:00:00,off,0,0,0,-1
2014-09-27 16:00:00,off,0,0,0,-1
2014-09-27 17:00:00,on,3.6,0.05927828773856148,0:00:00.000177,8.88
2014-09-27 18:00:00,on,3.6,0.06704180762171742,0:00:00.000263,15.28
2014-09-27 19:00:00,on,0.0,0.0,0:00:00.000178,15.28
2014-09-27 20:00:00,on,0.0,0.0,0:00:00.000166,15.28
2014-09-27 21:00:00,off,0,0,0,-1
2014-09-27 22:00:00,off,0,0,0,-1
2014-09-27 23:00:00,off,0,0,0,-1
2014-09-28 00:00:00,off,0,0,0,-1
2014-09-28 01:00:00,off,0,0,0,-1
2014-09-28 02:00:00,off,0,0,0,-1
2014-09-28 03:00:00,off,0,0,0,-1
2014-09-28 04:00:00,off,0,0,0,-1
2014-09-28 05:00:00,off,0,0,0,-1
2014-09-28 06:00:00,off,0,0,0,-1
2014-09-28 07:00:00,off,0,0,0,-1
2014-09-28 08:00:00,off,0,0,0,-1
2014-09-28 09:00:00,off,0,0,0,-1
2014-09-28 10:00:00,off,0,0,0,-1
2014-09-28 11:00:00,off,0,0,0,-1
2014-09-28 12:00:00,off,0,0,0,-1
2014-09-28 13:00:00,off,0,0,0,-1
2014-09-28 14:00:00,off,0,0,0,-1
2014-09-28 15:00:00,off,0,0,0,-1
2014-09-28 16:00:00,off,0,0,0,-1
2014-09-28 17:00:00,off,0,0,0,-1
2014-09-28 18:00:00,off,0,0,0,-1
2014-09-28 19:00:00,on,2.5600000000000005,0.04296135425567617,0:00:00.000222,8.8
2014-09-28 20:00:00,on,0.0,0.0,0:00:00.000209,8.8
2014-09-28 21:00:00,on,0.0,0.0,0:00:00.000160,8.8
2014-09-28 22:00:00,on,0.0,0.0,0:00:00.000268,8.8
2014-09-28 23:00:00,off,0,0,0,-1
2014-09-29 00:00:00,off,0,0,0,-1
2014-09-29 01:00:00,off,0,0,0,-1
2014-09-29 02:00:00,off,0,0,0,-1
2014-09-29 03:00:00,off,0,0,0,-1
2014-09-29 04:00:00,off,0,0,0,-1
2014-09-29 05:00:00,off,0,0,0,-1
2014-09-29 06:00:00,off,0,0,0,-1
2014-09-29 07:00:00,off,0,0,0,-1
2014-09-29 08:00:00,off,0,0,0,-1
2014-09-29 09:00:00,off,0,0,0,-1
2014-09-29 10:00:00,off,0,0,0,-1
2014-09-29 11:00:00,off,0,0,0,-1
2014-09-29 12:00:00,off,0,0,0,-1
2014-09-29 13:00:00,off,0,0,0,-1
2014-09-29 14:00:00,off,0,0,0,-1
2014-09-29 15:00:00,off,0,0,0,-1
2014-09-29 16:00:00,off,0,0,0,-1
2014-09-29 17:00:00,off,0,0,0,-1
2014-09-29 18:00:00,on,3.6,0.07996703088283524,0:00:00.000199,14.16
2014-09-29 19:00:00,off,0,0,0,-1
2014-09-29 20:00:00,off,0,0,0,-1
2014-09-29 21:00:00,off,0,0,0,-1
2014-09-29 22:00:00,off,0,0,0,-1
2014-09-29 23:00:00,off,0,0,0,-1
2014-09-30 00:00:00,off,0,0,0,-1
2014-09-30 01:00:00,off,0,0,0,-1
2014-09-30 02:00:00,off,0,0,0,-1
2014-09-30 03:00:00,off,0,0,0,-1
2014-09-30 04:00:00,off,0,0,0,-1
2014-09-30 05:00:00,off,0,0,0,-1
2014-09-30 06:00:00,off,0,0,0,-1
2014-09-30 07:00:00,off,0,0,0,-1
2014-09-30 08:00:00,off,0,0,0,-1
2014-09-30 09:00:00,off,0,0,0,-1
2014-09-30 10:00:00,off,0,0,0,-1
2014-09-30 11:00:00,off,0,0,0,-1
2014-09-30 12:00:00,off,0,0,0,-1
2014-09-30 13:00:00,on,3.6,0.05708721131086338,0:00:00.000160,12.24
2014-09-30 14:00:00,on,0.16000000000000014,0.0024620695412158984,0:00:00.000977,12.4
2014-09-30 15:00:00,off,0,0,0,-1
2014-09-30 16:00:00,off,0,0,0,-1
2014-09-30 17:00:00,off,0,0,0,-1
2014-09-30 18:00:00,off,0,0,0,-1
2014-09-30 19:00:00,off,0,0,0,-1
2014-09-30 20:00:00,off,0,0,0,-1
2014-09-30 21:00:00,off,0,0,0,-1
2014-09-30 22:00:00,off,0,0,0,-1
2014-09-30 23:00:00,off,0,0,0,-1
2014-10-01 00:00:00,off,0,0,0,-1
2014-10-01 01:00:00,off,0,0,0,-1
2014-10-01 02:00:00,off,0,0,0,-1
2014-10-01 03:00:00,off,0,0,0,-1
2014-10-01 04:00:00,off,0,0,0,-1
2014-10-01 05:00:00,off,0,0,0,-1
2014-10-01 06:00:00,off,0,0,0,-1
2014-10-01 07:00:00,off,0,0,0,-1
2014-10-01 08:00:00,off,0,0,0,-1
2014-10-01 09:00:00,off,0,0,0,-1
2014-10-01 10:00:00,off,0,0,0,-1
2014-10-01 11:00:00,off,0,0,0,-1
2014-10-01 12:00:00,off,0,0,0,-1
2014-10-01 13:00:00,off,0,0,0,-1
2014-10-01 14:00:00,off,0,0,0,-1
2014-10-01 15:00:00,off,0,0,0,-1
2014-10-01 16:00:00,off,0,0,0,-1
2014-10-01 17:00:00,off,0,0,0,-1
2014-10-01 18:00:00,off,0,0,0,-1
2014-10-01 19:00:00,off,0,0,0,-1
2014-10-01 20:00:00,off,0,0,0,-1
2014-10-01 21:00:00,off,0,0,0,-1
2014-10-01 22:00:00,on,3.6,0.08959971517324435,0:00:00.000224,10.64
2014-10-01 23:00:00,on,1.7599999999999998,0.04196350246667858,0:00:00.000221,12.4
2014-10-02 00:00:00,on,0.0,0.0,0:00:00.000212,11.84
2014-10-02 01:00:00,on,0.0,0.0,0:00:00.000197,11.84
2014-10-02 02:00:00,on,3.6,0.0789601899683475,0:00:00.000190,15.44
2014-10-02 03:00:00,off,0,0,0,-1
2014-10-02 04:00:00,off,0,0,0,-1
2014-10-02 05:00:00,off,0,0,0,-1
2014-10-02 06:00:00,off,0,0,0,-1
2014-10-02 07:00:00,off,0,0,0,-1
2014-10-02 08:00:00,off,0,0,0,-1
2014-10-02 09:00:00,off,0,0,0,-1
2014-10-02 10:00:00,on,0.0,0.0,0:00:00.000220,12.96
2014-10-02 11:00:00,on,3.039999999999999,0.04590572267770758,0:00:00.000193,16.0
2014-10-02 12:00:00,on,0.0,0.0,0:00:00.000305,16.0
2014-10-02 13:00:00,off,0,0,0,-1
2014-10-02 14:00:00,off,0,0,0,-1
2014-10-02 15:00:00,on,3.6,0.05634672716259954,0:00:00.000187,11.28
2014-10-02 16:00:00,on,3.6,0.05963524281978606,0:00:00.000195,14.879999999999999
2014-10-02 17:00:00,on,3.6,0.06987215504050254,0:00:00.000246,14.32
2014-10-02 18:00:00,on,1.6799999999999997,0.03982659056782719,0:00:00.000193,16.0
2014-10-02 19:00:00,on,0.0,0.0,0:00:00.000208,16.0
2014-10-02 20:00:00,off,0,0,0,-1
2014-10-02 21:00:00,off,0,0,0,-1
2014-10-02 22:00:00,off,0,0,0,-1
2014-10-02 23:00:00,off,0,0,0,-1
2014-10-03 00:00:00,off,0,0,0,-1
2014-10-03 01:00:00,off,0,0,0,-1
2014-10-03 02:00:00,off,0,0,0,-1
2014-10-03 03:00:00,off,0,0,0,-1
2014-10-03 04:00:00,off,0,0,0,-1
2014-10-03 05:00:00,off,0,0,0,-1
2014-10-03 06:00:00,off,0,0,0,-1
2014-10-03 07:00:00,off,0,0,0,-1
2014-10-03 08:00:00,off,0,0,0,-1
2014-10-03 09:00:00,off,0,0,0,-1
2014-10-03 10:00:00,off,0,0,0,-1
2014-10-03 11:00:00,off,0,0,0,-1
2014-10-03 12:00:00,off,0,0,0,-1
2014-10-03 13:00:00,off,0,0,0,-1
2014-10-03 14:00:00,off,0,0,0,-1
2014-10-03 15:00:00,off,0,0,0,-1
2014-10-03 16:00:00,off,0,0,0,-1
2014-10-03 17:00:00,off,0,0,0,-1
2014-10-03 18:00:00,off,0,0,0,-1
2014-10-03 19:00:00,on,3.5199999999999996,0.0761085361242293,0:00:00.000175,16.0
2014-10-03 20:00:00,on,0.0,0.0,0:00:00.000232,16.0
2014-10-03 21:00:00,on,1.7599999999999998,0.03485786408185954,0:00:00.000169,16.0
2014-10-03 22:00:00,on,0.0,0.0,0:00:00.000165,16.0
2014-10-03 23:00:00,on,0.0,0.0,0:00:00.000180,16.0
2014-10-04 00:00:00,off,0,0,0,-1
2014-10-04 01:00:00,off,0,0,0,-1
2014-10-04 02:00:00,off,0,0,0,-1
2014-10-04 03:00:00,off,0,0,0,-1
2014-10-04 04:00:00,off,0,0,0,-1
2014-10-04 05:00:00,off,0,0,0,-1
2014-10-04 06:00:00,off,0,0,0,-1
2014-10-04 07:00:00,off,0,0,0,-1
2014-10-04 08:00:00,off,0,0,0,-1
2014-10-04 09:00:00,off,0,0,0,-1
2014-10-04 10:00:00,off,0,0,0,-1
2014-10-04 11:00:00,off,0,0,0,-1
2014-10-04 12:00:00,off,0,0,0,-1
2014-10-04 13:00:00,off,0,0,0,-1
2014-10-04 14:00:00,off,0,0,0,-1
2014-10-04 15:00:00,off,0,0,0,-1
2014-10-04 16:00:00,off,0,0,0,-1
2014-10-04 17:00:00,on,3.6,0.05232463739812368,0:00:00.000208,10.48
2014-10-04 18:00:00,off,0,0,0,-1
2014-10-04 19:00:00,on,3.6,0.054431509226560565,0:00:00.000226,13.84
2014-10-04 20:00:00,off,0,0,0,-1
2014-10-04 21:00:00,off,0,0,0,-1
2014-10-04 22:00:00,off,0,0,0,-1
2014-10-04 23:00:00,off,0,0,0,-1
2014-10-05 00:00:00,off,0,0,0,-1
2014-10-05 01:00:00,off,0,0,0,-1
2014-10-05 02:00:00,off,0,0,0,-1
2014-10-05 03:00:00,off,0,0,0,-1
2014-10-05 04:00:00,off,0,0,0,-1
2014-10-05 05:00:00,off,0,0,0,-1
2014-10-05 06:00:00,off,0,0,0,-1
2014-10-05 07:00:00,off,0,0,0,-1
2014-10-05 08:00:00,off,0,0,0,-1
2014-10-05 09:00:00,on,0.0,0.0,0:00:00.000196,11.2
2014-10-05 10:00:00,on,0.0,0.0,0:00:00.000152,11.2
2014-10-05 11:00:00,on,0.0,0.0,0:00:00.000237,11.2
2014-10-05 12:00:00,on,0.0,0.0,0:00:00.000255,11.2
2014-10-05 13:00:00,off,0,0,0,-1
2014-10-05 14:00:00,off,0,0,0,-1
2014-10-05 15:00:00,off,0,0,0,-1
2014-10-05 16:00:00,off,0,0,0,-1
2014-10-05 17:00:00,off,0,0,0,-1
2014-10-05 18:00:00,off,0,0,0,-1
2014-10-05 19:00:00,off,0,0,0,-1
2014-10-05 20:00:00,off,0,0,0,-1
2014-10-05 21:00:00,off,0,0,0,-1
2014-10-05 22:00:00,off,0,0,0,-1
2014-10-05 23:00:00,off,0,0,0,-1
2014-10-06 00:00:00,off,0,0,0,-1
2014-10-06 01:00:00,off,0,0,0,-1
2014-10-06 02:00:00,off,0,0,0,-1
2014-10-06 03:00:00,off,0,0,0,-1
2014-10-06 04:00:00,off,0,0,0,-1
2014-10-06 05:00:00,off,0,0,0,-1
2014-10-06 06:00:00,off,0,0,0,-1
2014-10-06 07:00:00,off,0,0,0,-1
2014-10-06 08:00:00,off,0,0,0,-1
2014-10-06 09:00:00,off,0,0,0,-1
2014-10-06 10:00:00,off,0,0,0,-1
2014-10-06 11:00:00,off,0,0,0,-1
2014-10-06 12:00:00,off,0,0,0,-1
2014-10-06 13:00:00,off,0,0,0,-1
2014-10-06 14:00:00,off,0,0,0,-1
2014-10-06 15:00:00,off,0,0,0,-1
2014-10-06 16:00:00,on,3.6,0.05313087925314894,0:00:00.000217,12.879999999999999
2014-10-06 17:00:00,off,0,0,0,-1
2014-10-06 18:00:00,off,0,0,0,-1
2014-10-06 19:00:00,off,0,0,0,-1
2014-10-06 20:00:00,off,0,0,0,-1
2014-10-06 21:00:00,off,0,0,0,-1
2014-10-06 22:00:00,off,0,0,0,-1
2014-10-06 23:00:00,off,0,0,0,-1
2014-10-07 00:00:00,off,0,0,0,-1
2014-10-07 01:00:00,off,0,0,0,-1
2014-10-07 02:00:00,off,0,0,0,-1
2014-10-07 03:00:00,off,0,0,0,-1
2014-10-07 04:00:00,off,0,0,0,-1
2014-10-07 05:00:00,off,0,0,0,-1
2014-10-07 06:00:00,off,0,0,0,-1
2014-10-07 07:00:00,off,0,0,0,-1
2014-10-07 08:00:00,off,0,0,0,-1
2014-10-07 09:00:00,on,3.6,0.05017671100795266,0:00:00.000160,8.56
2014-10-07 10:00:00,off,0,0,0,-1
2014-10-07 11:00:00,off,0,0,0,-1
2014-10-07 12:00:00,off,0,0,0,-1
2014-10-07 13:00:00,off,0,0,0,-1
2014-10-07 14:00:00,off,0,0,0,-1
2014-10-07 15:00:00,off,0,0,0,-1
2014-10-07 16:00:00,on,3.6,0.03129138462245454,0:00:00.000313,7.92
2014-10-07 17:00:00,off,0,0,0,-1
2014-10-07 18:00:00,off,0,0,0,-1
2014-10-07 19:00:00,off,0,0,0,-1
2014-10-07 20:00:00,off,0,0,0,-1
2014-10-07 21:00:00,on,2.960000000000001,0.054863360971212374,0:00:00.000250,12.4
2014-10-07 22:00:00,on,0.0,0.0,0:00:00.000205,12.4
2014-10-07 23:00:00,off,0,0,0,-1
2014-10-08 00:00:00,off,0,0,0,-1
2014-10-08 01:00:00,off,0,0,0,-1
2014-10-08 02:00:00,off,0,0,0,-1
2014-10-08 03:00:00,off,0,0,0,-1
2014-10-08 04:00:00,off,0,0,0,-1
2014-10-08 05:00:00,off,0,0,0,-1
2014-10-08 06:00:00,off,0,0,0,-1
2014-10-08 07:00:00,off,0,0,0,-1
2014-10-08 08:00:00,off,0,0,0,-1
2014-10-08 09:00:00,off,0,0,0,-1
2014-10-08 10:00:00,off,0,0,0,-1
2014-10-08 11:00:00,off,0,0,0,-1
2014-10-08 12:00:00,off,0,0,0,-1
2014-10-08 13:00:00,off,0,0,0,-1
2014-10-08 14:00:00,off,0,0,0,-1
2014-10-08 15:00:00,on,3.6,0.03456766605377196,0:00:00.000903,8.88
2014-10-08 16:00:00,off,0,0,0,-1
2014-10-08 17:00:00,off,0,0,0,-1
2014-10-08 18:00:00,on,3.6,0.0669478431344031,0:00:00.000184,11.76
2014-10-08 19:00:00,off,0,0,0,-1
2014-10-08 20:00:00,off,0,0,0,-1
2014-10-08 21:00:00,off,0,0,0,-1
2014-10-08 22:00:00,off,0,0,0,-1
2014-10-08 23:00:00,off,0,0,0,-1
2014-10-09 00:00:00,off,0,0,0,-1
2014-10-09 01:00:00,off,0,0,0,-1
2014-10-09 02:00:00,off,0,0,0,-1
2014-10-09 03:00:00,off,0,0,0,-1
2014-10-09 04:00:00,off,0,0,0,-1
2014-10-09 05:00:00,off,0,0,0,-1
2014-10-09 06:00:00,off,0,0,0,-1
2014-10-09 07:00:00,off,0,0,0,-1
2014-10-09 08:00:00,off,0,0,0,-1
2014-10-09 09:00:00,off,0,0,0,-1
2014-10-09 10:00:00,off,0,0,0,-1
2014-10-09 11:00:00,off,0,0,0,-1
2014-10-09 12:00:00,off,0,0,0,-1
2014-10-09 13:00:00,off,0,0,0,-1
2014-10-09 14:00:00,off,0,0,0,-1
2014-10-09 15:00:00,off,0,0,0,-1
2014-10-09 16:00:00,off,0,0,0,-1
2014-10-09 17:00:00,off,0,0,0,-1
2014-10-09 18:00:00,off,0,0,0,-1
2014-10-09 19:00:00,off,0,0,0,-1
2014-10-09 20:00:00,off,0,0,0,-1
2014-10-09 21:00:00,off,0,0,0,-1
2014-10-09 22:00:00,off,0,0,0,-1
2014-10-09 23:00:00,off,0,0,0,-1
2014-10-10 00:00:00,off,0,0,0,-1
2014-10-10 01:00:00,off,0,0,0,-1
2014-10-10 02:00:00,off,0,0,0,-1
2014-10-10 03:00:00,off,0,0,0,-1
2014-10-10 04:00:00,off,0,0,0,-1
2014-10-10 05:00:00,off,0,0,0,-1
2014-10-10 06:00:00,off,0,0,0,-1
2014-10-10 07:00:00,off,0,0,0,-1
2014-10-10 08:00:00,off,0,0,0,-1
2014-10-10 09:00:00,off,0,0,0,-1
2014-10-10 10:00:00,on,3.6,0.05503456033766262,0:00:00.000200,12.08
2014-10-10 11:00:00,off,0,0,0,-1
2014-10-10 12:00:00,off,0,0,0,-1
2014-10-10 13:00:00,off,0,0,0,-1
2014-10-10 14:00:00,off,0,0,0,-1
2014-10-10 15:00:00,off,0,0,0,-1
2014-10-10 16:00:00,off,0,0,0,-1
2014-10-10 17:00:00,off,0,0,0,-1
2014-10-10 18:00:00,off,0,0,0,-1
2014-10-10 19:00:00,on,0.8800000000000008,0.016562648117542267,0:00:00.000257,5.200000000000001
2014-10-10 20:00:00,on,0.0,0.0,0:00:00.000191,5.200000000000001
2014-10-10 21:00:00,on,0.0,0.0,0:00:00.000216,5.200000000000001
2014-10-10 22:00:00,on,0.0,0.0,0:00:00.000215,5.200000000000001
2014-10-10 23:00:00,on,0.0,0.0,0:00:00.000178,5.200000000000001
2014-10-11 00:00:00,on,3.5999999999999996,0.06384995207190503,0:00:00.000199,8.8
2014-10-11 01:00:00,on,0.0,0.0,0:00:00.000538,8.8
2014-10-11 02:00:00,off,0,0,0,-1
2014-10-11 03:00:00,off,0,0,0,-1
2014-10-11 04:00:00,off,0,0,0,-1
2014-10-11 05:00:00,off,0,0,0,-1
2014-10-11 06:00:00,off,0,0,0,-1
2014-10-11 07:00:00,off,0,0,0,-1
2014-10-11 08:00:00,off,0,0,0,-1
2014-10-11 09:00:00,off,0,0,0,-1
2014-10-11 10:00:00,off,0,0,0,-1
2014-10-11 11:00:00,off,0,0,0,-1
2014-10-11 12:00:00,off,0,0,0,-1
2014-10-11 13:00:00,on,3.6,0.05082628838717934,0:00:00.000203,10.8
2014-10-11 14:00:00,off,0,0,0,-1
2014-10-11 15:00:00,off,0,0,0,-1
2014-10-11 16:00:00,off,0,0,0,-1
2014-10-11 17:00:00,off,0,0,0,-1
2014-10-11 18:00:00,off,0,0,0,-1
2014-10-11 19:00:00,off,0,0,0,-1
2014-10-11 20:00:00,off,0,0,0,-1
2014-10-11 21:00:00,off,0,0,0,-1
2014-10-11 22:00:00,off,0,0,0,-1
2014-10-11 23:00:00,on,3.6,0.06350194886326777,0:00:00.000189,11.6
2014-10-12 00:00:00,off,0,0,0,-1
2014-10-12 01:00:00,off,0,0,0,-1
2014-10-12 02:00:00,off,0,0,0,-1
2014-10-12 03:00:00,off,0,0,0,-1
2014-10-12 04:00:00,off,0,0,0,-1
2014-10-12 05:00:00,off,0,0,0,-1
2014-10-12 06:00:00,off,0,0,0,-1
2014-10-12 07:00:00,off,0,0,0,-1
2014-10-12 08:00:00,off,0,0,0,-1
2014-10-12 09:00:00,off,0,0,0,-1
2014-10-12 10:00:00,off,0,0,0,-1
2014-10-12 11:00:00,off,0,0,0,-1
2014-10-12 12:00:00,off,0,0,0,-1
2014-10-12 13:00:00,off,0,0,0,-1
2014-10-12 14:00:00,off,0,0,0,-1
2014-10-12 15:00:00,off,0,0,0,-1
2014-10-12 16:00:00,off,0,0,0,-1
2014-10-12 17:00:00,off,0,0,0,-1
2014-10-12 18:00:00,off,0,0,0,-1
2014-10-12 19:00:00,off,0,0,0,-1
2014-10-12 20:00:00,off,0,0,0,-1
2014-10-12 21:00:00,off,0,0,0,-1
2014-10-12 22:00:00,off,0,0,0,-1
2014-10-12 23:00:00,off,0,0,0,-1
2014-10-13 00:00:00,off,0,0,0,-1
2014-10-13 01:00:00,off,0,0,0,-1
2014-10-13 02:00:00,off,0,0,0,-1
2014-10-13 03:00:00,off,0,0,0,-1
2014-10-13 04:00:00,off,0,0,0,-1
2014-10-13 05:00:00,off,0,0,0,-1
2014-10-13 06:00:00,off,0,0,0,-1
2014-10-13 07:00:00,off,0,0,0,-1
2014-10-13 08:00:00,off,0,0,0,-1
2014-10-13 09:00:00,on,3.6,0.057326209545135426,0:00:00.000206,10.16
2014-10-13 10:00:00,off,0,0,0,-1
2014-10-13 11:00:00,off,0,0,0,-1
2014-10-13 12:00:00,off,0,0,0,-1
2014-10-13 13:00:00,off,0,0,0,-1
2014-10-13 14:00:00,off,0,0,0,-1
2014-10-13 15:00:00,off,0,0,0,-1
2014-10-13 16:00:00,off,0,0,0,-1
2014-10-13 17:00:00,off,0,0,0,-1
2014-10-13 18:00:00,off,0,0,0,-1
2014-10-13 19:00:00,off,0,0,0,-1
2014-10-13 20:00:00,off,0,0,0,-1
2014-10-13 21:00:00,off,0,0,0,-1
2014-10-13 22:00:00,off,0,0,0,-1
2014-10-13 23:00:00,off,0,0,0,-1
2014-10-14 00:00:00,off,0,0,0,-1
2014-10-14 01:00:00,off,0,0,0,-1
2014-10-14 02:00:00,off,0,0,0,-1
2014-10-14 03:00:00,off,0,0,0,-1
2014-10-14 04:00:00,off,0,0,0,-1
2014-10-14 05:00:00,off,0,0,0,-1
2014-10-14 06:00:00,off,0,0,0,-1
2014-10-14 07:00:00,off,0,0,0,-1
2014-10-14 08:00:00,on,3.5999999999999996,0.06418892294168471,0:00:00.000229,12.4
2014-10-14 09:00:00,on,0.0,0.0,0:00:00.000203,12.4
2014-10-14 10:00:00,off,0,0,0,-1
2014-10-14 11:00:00,off,0,0,0,-1
2014-10-14 12:00:00,off,0,0,0,-1
2014-10-14 13:00:00,off,0,0,0,-1
2014-10-14 14:00:00,off,0,0,0,-1
2014-10-14 15:00:00,off,0,0,0,-1
2014-10-14 16:00:00,off,0,0,0,-1
2014-10-14 17:00:00,off,0,0,0,-1
2014-10-14 18:00:00,off,0,0,0,-1
2014-10-14 19:00:00,on,3.6,0.06989415585994711,0:00:00.000193,14.48
2014-10-14 20:00:00,on,0.0,0.0,0:00:00.000200,14.48
2014-10-14 21:00:00,on,0.0,0.0,0:00:00.000171,14.48
2014-10-14 22:00:00,off,0,0,0,-1
2014-10-14 23:00:00,off,0,0,0,-1
2014-10-15 00:00:00,off,0,0,0,-1
2014-10-15 01:00:00,off,0,0,0,-1
2014-10-15 02:00:00,off,0,0,0,-1
2014-10-15 03:00:00,off,0,0,0,-1
2014-10-15 04:00:00,off,0,0,0,-1
2014-10-15 05:00:00,off,0,0,0,-1
2014-10-15 06:00:00,off,0,0,0,-1
2014-10-15 07:00:00,off,0,0,0,-1
2014-10-15 08:00:00,off,0,0,0,-1
2014-10-15 09:00:00,off,0,0,0,-1
2014-10-15 10:00:00,off,0,0,0,-1
2014-10-15 11:00:00,off,0,0,0,-1
2014-10-15 12:00:00,off,0,0,0,-1
2014-10-15 13:00:00,off,0,0,0,-1
2014-10-15 14:00:00,off,0,0,0,-1
2014-10-15 15:00:00,on,3.6,0.051373891532421,0:00:00.000190,7.12
2014-10-15 16:00:00,on,3.1999999999999993,0.048205634951591345,0:00:00.000334,16.0
2014-10-15 17:00:00,on,0.0,0.0,0:00:00.000186,16.0
2014-10-15 18:00:00,on,0.0,0.0,0:00:00.000164,16.0
2014-10-15 19:00:00,on,0.0,0.0,0:00:00.000208,16.0
2014-10-15 20:00:00,off,0,0,0,-1
2014-10-15 21:00:00,off,0,0,0,-1
2014-10-15 22:00:00,off,0,0,0,-1
2014-10-15 23:00:00,off,0,0,0,-1
2014-10-16 00:00:00,off,0,0,0,-1
2014-10-16 01:00:00,off,0,0,0,-1
2014-10-16 02:00:00,off,0,0,0,-1
2014-10-16 03:00:00,off,0,0,0,-1
2014-10-16 04:00:00,off,0,0,0,-1
2014-10-16 05:00:00,off,0,0,0,-1
2014-10-16 06:00:00,off,0,0,0,-1
2014-10-16 07:00:00,off,0,0,0,-1
2014-10-16 08:00:00,off,0,0,0,-1
2014-10-16 09:00:00,off,0,0,0,-1
2014-10-16 10:00:00,off,0,0,0,-1
2014-10-16 11:00:00,off,0,0,0,-1
2014-10-16 12:00:00,off,0,0,0,-1
2014-10-16 13:00:00,off,0,0,0,-1
2014-10-16 14:00:00,off,0,0,0,-1
2014-10-16 15:00:00,on,3.6,0.05016357824206338,0:00:00.000170,12.4
2014-10-16 16:00:00,on,3.5999999999999996,0.05264658294618114,0:00:00.000708,16.0
2014-10-16 17:00:00,off,0,0,0,-1
2014-10-16 18:00:00,off,0,0,0,-1
2014-10-16 19:00:00,off,0,0,0,-1
2014-10-16 20:00:00,off,0,0,0,-1
2014-10-16 21:00:00,off,0,0,0,-1
2014-10-16 22:00:00,off,0,0,0,-1
2014-10-16 23:00:00,off,0,0,0,-1
2014-10-17 00:00:00,off,0,0,0,-1
2014-10-17 01:00:00,off,0,0,0,-1
2014-10-17 02:00:00,off,0,0,0,-1
2014-10-17 03:00:00,off,0,0,0,-1
2014-10-17 04:00:00,off,0,0,0,-1
2014-10-17 05:00:00,off,0,0,0,-1
2014-10-17 06:00:00,off,0,0,0,-1
2014-10-17 07:00:00,off,0,0,0,-1
2014-10-17 08:00:00,off,0,0,0,-1
2014-10-17 09:00:00,off,0,0,0,-1
2014-10-17 10:00:00,off,0,0,0,-1
2014-10-17 11:00:00,off,0,0,0,-1
2014-10-17 12:00:00,off,0,0,0,-1
2014-10-17 13:00:00,off,0,0,0,-1
2014-10-17 14:00:00,off,0,0,0,-1
2014-10-17 15:00:00,off,0,0,0,-1
2014-10-17 16:00:00,on,3.6,0.0529241882264613,0:00:00.000162,14.32
2014-10-17 17:00:00,on,3.6,0.057360548526048535,0:00:00.000172,14.32
2014-10-17 18:00:00,on,1.6799999999999997,0.030349497199058516,0:00:00.000361,16.0
2014-10-17 19:00:00,on,3.6,0.068697689473629,0:00:00.000160,15.76
2014-10-17 20:00:00,on,0.0,0.0,0:00:00.000234,15.76
2014-10-17 21:00:00,on,0.0,0.0,0:00:00.000227,15.76
2014-10-17 22:00:00,off,0,0,0,-1
2014-10-17 23:00:00,off,0,0,0,-1
2014-10-18 00:00:00,off,0,0,0,-1
2014-10-18 01:00:00,off,0,0,0,-1
2014-10-18 02:00:00,off,0,0,0,-1
2014-10-18 03:00:00,off,0,0,0,-1
2014-10-18 04:00:00,off,0,0,0,-1
2014-10-18 05:00:00,off,0,0,0,-1
2014-10-18 06:00:00,off,0,0,0,-1
2014-10-18 07:00:00,off,0,0,0,-1
2014-10-18 08:00:00,off,0,0,0,-1
2014-10-18 09:00:00,off,0,0,0,-1
2014-10-18 10:00:00,off,0,0,0,-1
2014-10-18 11:00:00,off,0,0,0,-1
2014-10-18 12:00:00,off,0,0,0,-1
2014-10-18 13:00:00,off,0,0,0,-1
2014-10-18 14:00:00,off,0,0,0,-1
2014-10-18 15:00:00,off,0,0,0,-1
2014-10-18 16:00:00,off,0,0,0,-1
2014-10-18 17:00:00,off,0,0,0,-1
2014-10-18 18:00:00,off,0,0,0,-1
2014-10-18 19:00:00,off,0,0,0,-1
2014-10-18 20:00:00,off,0,0,0,-1
2014-10-18 21:00:00,on,3.6,0.06158321723341926,0:00:00.000298,6.32
2014-10-18 22:00:00,on,0.0,0.0,0:00:00.000256,11.52
2014-10-18 23:00:00,on,0.0,0.0,0:00:00.000169,11.52
2014-10-19 00:00:00,on,0.8800000000000008,0.014076432287692996,0:00:00.000203,12.4
2014-10-19 01:00:00,off,0,0,0,-1
2014-10-19 02:00:00,off,0,0,0,-1
2014-10-19 03:00:00,off,0,0,0,-1
2014-10-19 04:00:00,off,0,0,0,-1
2014-10-19 05:00:00,off,0,0,0,-1
2014-10-19 06:00:00,off,0,0,0,-1
2014-10-19 07:00:00,off,0,0,0,-1
2014-10-19 08:00:00,off,0,0,0,-1
2014-10-19 09:00:00,off,0,0,0,-1
2014-10-19 10:00:00,off,0,0,0,-1
2014-10-19 11:00:00,off,0,0,0,-1
2014-10-19 12:00:00,off,0,0,0,-1
2014-10-19 13:00:00,off,0,0,0,-1
2014-10-19 14:00:00,off,0,0,0,-1
2014-10-19 15:00:00,off,0,0,0,-1
2014-10-19 16:00:00,off,0,0,0,-1
2014-10-19 17:00:00,off,0,0,0,-1
2014-10-19 18:00:00,off,0,0,0,-1
2014-10-19 19:00:00,off,0,0,0,-1
2014-10-19 20:00:00,off,0,0,0,-1
2014-10-19 21:00:00,off,0,0,0,-1
2014-10-19 22:00:00,off,0,0,0,-1
2014-10-19 23:00:00,off,0,0,0,-1
2014-10-20 00:00:00,off,0,0,0,-1
2014-10-20 01:00:00,off,0,0,0,-1
2014-10-20 02:00:00,off,0,0,0,-1
2014-10-20 03:00:00,off,0,0,0,-1
2014-10-20 04:00:00,off,0,0,0,-1
2014-10-20 05:00:00,off,0,0,0,-1
2014-10-20 06:00:00,off,0,0,0,-1
2014-10-20 07:00:00,off,0,0,0,-1
2014-10-20 08:00:00,off,0,0,0,-1
2014-10-20 09:00:00,off,0,0,0,-1
2014-10-20 10:00:00,off,0,0,0,-1
2014-10-20 11:00:00,off,0,0,0,-1
2014-10-20 12:00:00,off,0,0,0,-1
2014-10-20 13:00:00,off,0,0,0,-1
2014-10-20 14:00:00,off,0,0,0,-1
2014-10-20 15:00:00,off,0,0,0,-1
2014-10-20 16:00:00,off,0,0,0,-1
2014-10-20 17:00:00,off,0,0,0,-1
2014-10-20 18:00:00,off,0,0,0,-1
2014-10-20 19:00:00,off,0,0,0,-1
2014-10-20 20:00:00,off,0,0,0,-1
2014-10-20 21:00:00,off,0,0,0,-1
2014-10-20 22:00:00,on,3.6,0.056609241664409636,0:00:00.000188,11.44
2014-10-20 23:00:00,off,0,0,0,-1
2014-10-21 00:00:00,off,0,0,0,-1
2014-10-21 01:00:00,off,0,0,0,-1
2014-10-21 02:00:00,off,0,0,0,-1
2014-10-21 03:00:00,off,0,0,0,-1
2014-10-21 04:00:00,off,0,0,0,-1
2014-10-21 05:00:00,off,0,0,0,-1
2014-10-21 06:00:00,off,0,0,0,-1
2014-10-21 07:00:00,off,0,0,0,-1
2014-10-21 08:00:00,off,0,0,0,-1
2014-10-21 09:00:00,off,0,0,0,-1
2014-10-21 10:00:00,off,0,0,0,-1
2014-10-21 11:00:00,on,3.6,0.04575005359947666,0:00:00.000227,8.08
2014-10-21 12:00:00,off,0,0,0,-1
2014-10-21 13:00:00,off,0,0,0,-1
2014-10-21 14:00:00,off,0,0,0,-1
2014-10-21 15:00:00,off,0,0,0,-1
2014-10-21 16:00:00,on,3.6,0.05901575312018394,0:00:00.000334,7.28
2014-10-21 17:00:00,on,3.6,0.06423606947064384,0:00:00.000212,10.88
2014-10-21 18:00:00,off,0,0,0,-1
2014-10-21 19:00:00,off,0,0,0,-1
2014-10-21 20:00:00,off,0,0,0,-1
2014-10-21 21:00:00,off,0,0,0,-1
2014-10-21 22:00:00,off,0,0,0,-1
2014-10-21 23:00:00,off,0,0,0,-1
2014-10-22 00:00:00,off,0,0,0,-1
2014-10-22 01:00:00,off,0,0,0,-1
2014-10-22 02:00:00,off,0,0,0,-1
2014-10-22 03:00:00,off,0,0,0,-1
2014-10-22 04:00:00,off,0,0,0,-1
2014-10-22 05:00:00,off,0,0,0,-1
2014-10-22 06:00:00,off,0,0,0,-1
2014-10-22 07:00:00,off,0,0,0,-1
2014-10-22 08:00:00,off,0,0,0,-1
2014-10-22 09:00:00,off,0,0,0,-1
2014-10-22 10:00:00,off,0,0,0,-1
2014-10-22 11:00:00,off,0,0,0,-1
2014-10-22 12:00:00,off,0,0,0,-1
2014-10-22 13:00:00,off,0,0,0,-1
2014-10-22 14:00:00,off,0,0,0,-1
2014-10-22 15:00:00,on,3.6,0.0398494116961956,0:00:00.000470,6.0
2014-10-22 16:00:00,on,3.6,0.04369806312024582,0:00:00.000217,9.6
2014-10-22 17:00:00,off,0,0,0,-1
2014-10-22 18:00:00,off,0,0,0,-1
2014-10-22 19:00:00,off,0,0,0,-1
2014-10-22 20:00:00,off,0,0,0,-1
2014-10-22 21:00:00,off,0,0,0,-1
2014-10-22 22:00:00,off,0,0,0,-1
2014-10-22 23:00:00,off,0,0,0,-1
2014-10-23 00:00:00,off,0,0,0,-1
2014-10-23 01:00:00,off,0,0,0,-1
2014-10-23 02:00:00,off,0,0,0,-1
2014-10-23 03:00:00,off,0,0,0,-1
2014-10-23 04:00:00,off,0,0,0,-1
2014-10-23 05:00:00,off,0,0,0,-1
2014-10-23 06:00:00,off,0,0,0,-1
2014-10-23 07:00:00,off,0,0,0,-1
2014-10-23 08:00:00,off,0,0,0,-1
2014-10-23 09:00:00,off,0,0,0,-1
2014-10-23 10:00:00,on,3.6,0.0522551111876964,0:00:00.000181,14.16
2014-10-23 11:00:00,on,3.1999999999999993,0.04495410919189439,0:00:00.000147,16.0
2014-10-23 12:00:00,off,0,0,0,-1
2014-10-23 13:00:00,on,3.6,0.04760839864611612,0:00:00.000246,9.52
2014-10-23 14:00:00,off,0,0,0,-1
2014-10-23 15:00:00,on,3.6,0.049462706968188115,0:00:00.000183,11.28
2014-10-23 16:00:00,on,3.6,0.0532841306179761,0:00:00.000277,15.92
2014-10-23 17:00:00,on,0.08000000000000007,0.0012515842914581291,0:00:00.000427,16.0
2014-10-23 18:00:00,on,0.0,0.0,0:00:00.000186,16.0
2014-10-23 19:00:00,off,0,0,0,-1
2014-10-23 20:00:00,off,0,0,0,-1
2014-10-23 21:00:00,off,0,0,0,-1
2014-10-23 22:00:00,off,0,0,0,-1
2014-10-23 23:00:00,off,0,0,0,-1
2014-10-24 00:00:00,off,0,0,0,-1
2014-10-24 01:00:00,off,0,0,0,-1
2014-10-24 02:00:00,off,0,0,0,-1
2014-10-24 03:00:00,off,0,0,0,-1
2014-10-24 04:00:00,off,0,0,0,-1
2014-10-24 05:00:00,off,0,0,0,-1
2014-10-24 06:00:00,off,0,0,0,-1
2014-10-24 07:00:00,off,0,0,0,-1
2014-10-24 08:00:00,off,0,0,0,-1
2014-10-24 09:00:00,off,0,0,0,-1
2014-10-24 10:00:00,off,0,0,0,-1
2014-10-24 11:00:00,off,0,0,0,-1
2014-10-24 12:00:00,off,0,0,0,-1
2014-10-24 13:00:00,off,0,0,0,-1
2014-10-24 14:00:00,off,0,0,0,-1
2014-10-24 15:00:00,off,0,0,0,-1
2014-10-24 16:00:00,off,0,0,0,-1
2014-10-24 17:00:00,off,0,0,0,-1
2014-10-24 18:00:00,off,0,0,0,-1
2014-10-24 19:00:00,on,3.6,0.058283624053001346,0:00:00.000169,11.92
2014-10-24 20:00:00,on,0.4800000000000004,0.00786916047334671,0:00:00.000198,12.4
2014-10-24 21:00:00,on,0.0,0.0,0:00:00.000206,12.4
2014-10-24 22:00:00,off,0,0,0,-1
2014-10-24 23:00:00,off,0,0,0,-1
2014-10-25 00:00:00,off,0,0,0,-1
2014-10-25 01:00:00,off,0,0,0,-1
2014-10-25 02:00:00,off,0,0,0,-1
2014-10-25 03:00:00,off,0,0,0,-1
2014-10-25 04:00:00,off,0,0,0,-1
2014-10-25 05:00:00,off,0,0,0,-1
2014-10-25 06:00:00,off,0,0,0,-1
2014-10-25 07:00:00,off,0,0,0,-1
2014-10-25 08:00:00,off,0,0,0,-1
2014-10-25 09:00:00,off,0,0,0,-1
2014-10-25 10:00:00,off,0,0,0,-1
2014-10-25 11:00:00,off,0,0,0,-1
2014-10-25 12:00:00,off,0,0,0,-1
2014-10-25 13:00:00,off,0,0,0,-1
2014-10-25 14:00:00,off,0,0,0,-1
2014-10-25 15:00:00,off,0,0,0,-1
2014-10-25 16:00:00,off,0,0,0,-1
2014-10-25 17:00:00,off,0,0,0,-1
2014-10-25 18:00:00,off,0,0,0,-1
2014-10-25 19:00:00,on,3.6,0.04620925448834886,0:00:00.000176,7.6
2014-10-25 20:00:00,on,3.6,0.04708296060562134,0:00:00.000212,14.639999999999999
2014-10-25 21:00:00,off,0,0,0,-1
2014-10-25 22:00:00,off,0,0,0,-1
2014-10-25 23:00:00,off,0,0,0,-1
2014-10-26 00:00:00,off,0,0,0,-1
2014-10-26 01:00:00,off,0,0,0,-1
2014-10-26 02:00:00,off,0,0,0,-1
2014-10-26 03:00:00,off,0,0,0,-1
2014-10-26 04:00:00,off,0,0,0,-1
2014-10-26 05:00:00,off,0,0,0,-1
2014-10-26 06:00:00,off,0,0,0,-1
2014-10-26 07:00:00,off,0,0,0,-1
2014-10-26 08:00:00,off,0,0,0,-1
2014-10-26 09:00:00,off,0,0,0,-1
2014-10-26 10:00:00,off,0,0,0,-1
2014-10-26 11:00:00,off,0,0,0,-1
2014-10-26 12:00:00,off,0,0,0,-1
2014-10-26 13:00:00,off,0,0,0,-1
2014-10-26 14:00:00,off,0,0,0,-1
2014-10-26 15:00:00,off,0,0,0,-1
2014-10-26 16:00:00,off,0,0,0,-1
2014-10-26 17:00:00,off,0,0,0,-1
2014-10-26 18:00:00,off,0,0,0,-1
2014-10-26 19:00:00,on,3.6,0.0363708917051553,0:00:00.000183,7.28
2014-10-26 20:00:00,on,3.6,0.041654226556420204,0:00:00.000281,10.88
2014-10-26 21:00:00,on,3.6,0.04514458514749992,0:00:00.000201,14.48
2014-10-26 22:00:00,on,1.5199999999999996,0.019840031936764653,0:00:00.000524,16.0
2014-10-26 23:00:00,off,0,0,0,-1
2014-10-27 00:00:00,off,0,0,0,-1
2014-10-27 01:00:00,off,0,0,0,-1
2014-10-27 02:00:00,off,0,0,0,-1
2014-10-27 03:00:00,off,0,0,0,-1
2014-10-27 04:00:00,off,0,0,0,-1
2014-10-27 05:00:00,off,0,0,0,-1
2014-10-27 06:00:00,off,0,0,0,-1
2014-10-27 07:00:00,off,0,0,0,-1
2014-10-27 08:00:00,off,0,0,0,-1
2014-10-27 09:00:00,off,0,0,0,-1
2014-10-27 10:00:00,off,0,0,0,-1
2014-10-27 11:00:00,off,0,0,0,-1
2014-10-27 12:00:00,off,0,0,0,-1
2014-10-27 13:00:00,off,0,0,0,-1
2014-10-27 14:00:00,off,0,0,0,-1
2014-10-27 15:00:00,off,0,0,0,-1
2014-10-27 16:00:00,off,0,0,0,-1
2014-10-27 17:00:00,off,0,0,0,-1
2014-10-27 18:00:00,off,0,0,0,-1
2014-10-27 19:00:00,off,0,0,0,-1
2014-10-27 20:00:00,off,0,0,0,-1
2014-10-27 21:00:00,off,0,0,0,-1
2014-10-27 22:00:00,off,0,0,0,-1
2014-10-27 23:00:00,off,0,0,0,-1
2014-10-28 00:00:00,off,0,0,0,-1
2014-10-28 01:00:00,off,0,0,0,-1
2014-10-28 02:00:00,off,0,0,0,-1
2014-10-28 03:00:00,off,0,0,0,-1
2014-10-28 04:00:00,off,0,0,0,-1
2014-10-28 05:00:00,off,0,0,0,-1
2014-10-28 06:00:00,off,0,0,0,-1
2014-10-28 07:00:00,off,0,0,0,-1
2014-10-28 08:00:00,off,0,0,0,-1
2014-10-28 09:00:00,off,0,0,0,-1
2014-10-28 10:00:00,off,0,0,0,-1
2014-10-28 11:00:00,on,3.6,0.03230957128107546,0:00:00.000262,7.76
2014-10-28 12:00:00,off,0,0,0,-1
2014-10-28 13:00:00,off,0,0,0,-1
2014-10-28 14:00:00,off,0,0,0,-1
2014-10-28 15:00:00,on,3.6,0.01373174088075756,0:00:00.000163,11.12
2014-10-28 16:00:00,on,3.6,0.01789720728993414,0:00:00.000219,14.719999999999999
2014-10-28 17:00:00,off,0,0,0,-1
2014-10-28 18:00:00,off,0,0,0,-1
2014-10-28 19:00:00,off,0,0,0,-1
2014-10-28 20:00:00,off,0,0,0,-1
2014-10-28 21:00:00,on,3.6,0.0555866762995719,0:00:00.000233,12.08
2014-10-28 22:00:00,on,3.6,0.05471545793116086,0:00:00.000196,15.68
2014-10-28 23:00:00,on,0.3200000000000003,0.004984473288059236,0:00:00.000466,16.0
2014-10-29 00:00:00,on,0.0,0.0,0:00:00.000176,16.0
2014-10-29 01:00:00,off,0,0,0,-1
2014-10-29 02:00:00,off,0,0,0,-1
2014-10-29 03:00:00,off,0,0,0,-1
2014-10-29 04:00:00,off,0,0,0,-1
2014-10-29 05:00:00,off,0,0,0,-1
2014-10-29 06:00:00,off,0,0,0,-1
2014-10-29 07:00:00,off,0,0,0,-1
2014-10-29 08:00:00,off,0,0,0,-1
2014-10-29 09:00:00,off,0,0,0,-1
2014-10-29 10:00:00,off,0,0,0,-1
2014-10-29 11:00:00,off,0,0,0,-1
2014-10-29 12:00:00,off,0,0,0,-1
2014-10-29 13:00:00,off,0,0,0,-1
2014-10-29 14:00:00,on,3.6,0.00490372432395804,0:00:00.000168,11.28
2014-10-29 15:00:00,on,3.6,0.0095309782773255,0:00:00.000275,14.879999999999999
2014-10-29 16:00:00,off,0,0,0,-1
2014-10-29 17:00:00,off,0,0,0,-1
2014-10-29 18:00:00,off,0,0,0,-1
2014-10-29 19:00:00,off,0,0,0,-1
2014-10-29 20:00:00,off,0,0,0,-1
2014-10-29 21:00:00,off,0,0,0,-1
2014-10-29 22:00:00,off,0,0,0,-1
2014-10-29 23:00:00,off,0,0,0,-1
2014-10-30 00:00:00,off,0,0,0,-1
2014-10-30 01:00:00,off,0,0,0,-1
2014-10-30 02:00:00,off,0,0,0,-1
2014-10-30 03:00:00,off,0,0,0,-1
2014-10-30 04:00:00,off,0,0,0,-1
2014-10-30 05:00:00,off,0,0,0,-1
2014-10-30 06:00:00,off,0,0,0,-1
2014-10-30 07:00:00,off,0,0,0,-1
2014-10-30 08:00:00,on,0.40000000000000036,0.006756721436977386,0:00:00.000169,5.2
2014-10-30 09:00:00,on,0.0,0.0,0:00:00.000191,5.2
2014-10-30 10:00:00,on,0.0,0.0,0:00:00.000190,5.2
2014-10-30 11:00:00,on,0.0,0.0,0:00:00.000166,5.2
2014-10-30 12:00:00,off,0,0,0,-1
2014-10-30 13:00:00,off,0,0,0,-1
2014-10-30 14:00:00,off,0,0,0,-1
2014-10-30 15:00:00,off,0,0,0,-1
2014-10-30 16:00:00,on,3.6,0.0465894576162099,0:00:00.000177,8.56
2014-10-30 17:00:00,on,3.6,0.05457331426441662,0:00:00.000216,12.16
2014-10-30 18:00:00,off,0,0,0,-1
2014-10-30 19:00:00,on,3.3599999999999994,0.06513301402330395,0:00:00.000232,16.0
2014-10-30 20:00:00,on,3.6,0.06410057768225659,0:00:00.000148,13.52
2014-10-30 21:00:00,off,0,0,0,-1
2014-10-30 22:00:00,off,0,0,0,-1
2014-10-30 23:00:00,off,0,0,0,-1
2014-10-31 00:00:00,off,0,0,0,-1
2014-10-31 01:00:00,off,0,0,0,-1
2014-10-31 02:00:00,off,0,0,0,-1
2014-10-31 03:00:00,off,0,0,0,-1
2014-10-31 04:00:00,off,0,0,0,-1
2014-10-31 05:00:00,off,0,0,0,-1
2014-10-31 06:00:00,off,0,0,0,-1
2014-10-31 07:00:00,on,0.0,0.0,0:00:00.000358,2.56
2014-10-31 08:00:00,on,0.0,0.0,0:00:00.000196,2.56
2014-10-31 09:00:00,on,0.0,0.0,0:00:00.000298,2.56
2014-10-31 10:00:00,on,0.0,0.0,0:00:00.000307,2.56
2014-10-31 11:00:00,on,0.0,0.0,0:00:00.000228,2.56
2014-10-31 12:00:00,off,0,0,0,-1
2014-10-31 13:00:00,off,0,0,0,-1
2014-10-31 14:00:00,off,0,0,0,-1
2014-10-31 15:00:00,off,0,0,0,-1
2014-10-31 16:00:00,off,0,0,0,-1
2014-10-31 17:00:00,off,0,0,0,-1
2014-10-31 18:00:00,off,0,0,0,-1
2014-10-31 19:00:00,off,0,0,0,-1
2014-10-31 20:00:00,off,0,0,0,-1
2014-10-31 21:00:00,off,0,0,0,-1
2014-10-31 22:00:00,off,0,0,0,-1
2014-10-31 23:00:00,off,0,0,0,-1
2014-11-01 00:00:00,off,0,0,0,-1
2014-11-01 01:00:00,off,0,0,0,-1
2014-11-01 02:00:00,off,0,0,0,-1
2014-11-01 03:00:00,off,0,0,0,-1
2014-11-01 04:00:00,off,0,0,0,-1
2014-11-01 05:00:00,off,0,0,0,-1
2014-11-01 06:00:00,off,0,0,0,-1
2014-11-01 07:00:00,off,0,0,0,-1
2014-11-01 08:00:00,off,0,0,0,-1
2014-11-01 09:00:00,off,0,0,0,-1
2014-11-01 10:00:00,off,0,0,0,-1
2014-11-01 11:00:00,off,0,0,0,-1
2014-11-01 12:00:00,off,0,0,0,-1
2014-11-01 13:00:00,off,0,0,0,-1
2014-11-01 14:00:00,off,0,0,0,-1
2014-11-01 15:00:00,off,0,0,0,-1
2014-11-01 16:00:00,off,0,0,0,-1
2014-11-01 17:00:00,off,0,0,0,-1
2014-11-01 18:00:00,off,0,0,0,-1
2014-11-01 19:00:00,off,0,0,0,-1
2014-11-01 20:00:00,off,0,0,0,-1
2014-11-01 21:00:00,off,0,0,0,-1
2014-11-01 22:00:00,off,0,0,0,-1
2014-11-01 23:00:00,off,0,0,0,-1
2014-11-02 00:00:00,off,0,0,0,-1
2014-11-02 01:00:00,off,0,0,0,-1
2014-11-02 02:00:00,off,0,0,0,-1
2014-11-02 03:00:00,off,0,0,0,-1
2014-11-02 04:00:00,off,0,0,0,-1
2014-11-02 05:00:00,off,0,0,0,-1
2014-11-02 06:00:00,off,0,0,0,-1
2014-11-02 07:00:00,off,0,0,0,-1
2014-11-02 08:00:00,off,0,0,0,-1
2014-11-02 09:00:00,off,0,0,0,-1
2014-11-02 10:00:00,off,0,0,0,-1
2014-11-02 11:00:00,off,0,0,0,-1
2014-11-02 12:00:00,off,0,0,0,-1
2014-11-02 13:00:00,off,0,0,0,-1
2014-11-02 14:00:00,off,0,0,0,-1
2014-11-02 15:00:00,off,0,0,0,-1
2014-11-02 16:00:00,off,0,0,0,-1
2014-11-02 17:00:00,off,0,0,0,-1
2014-11-02 18:00:00,off,0,0,0,-1
2014-11-02 19:00:00,off,0,0,0,-1
2014-11-02 20:00:00,off,0,0,0,-1
2014-11-02 21:00:00,off,0,0,0,-1
2014-11-02 22:00:00,off,0,0,0,-1
2014-11-02 23:00:00,off,0,0,0,-1
2014-11-03 00:00:00,off,0,0,0,-1
2014-11-03 01:00:00,off,0,0,0,-1
2014-11-03 02:00:00,off,0,0,0,-1
2014-11-03 03:00:00,off,0,0,0,-1
2014-11-03 04:00:00,off,0,0,0,-1
2014-11-03 05:00:00,off,0,0,0,-1
2014-11-03 06:00:00,off,0,0,0,-1
2014-11-03 07:00:00,off,0,0,0,-1
2014-11-03 08:00:00,off,0,0,0,-1
2014-11-03 09:00:00,off,0,0,0,-1
2014-11-03 10:00:00,off,0,0,0,-1
2014-11-03 11:00:00,off,0,0,0,-1
2014-11-03 12:00:00,off,0,0,0,-1
2014-11-03 13:00:00,off,0,0,0,-1
2014-11-03 14:00:00,off,0,0,0,-1
2014-11-03 15:00:00,off,0,0,0,-1
2014-11-03 16:00:00,off,0,0,0,-1
2014-11-03 17:00:00,off,0,0,0,-1
2014-11-03 18:00:00,off,0,0,0,-1
2014-11-03 19:00:00,off,0,0,0,-1
2014-11-03 20:00:00,off,0,0,0,-1
2014-11-03 21:00:00,off,0,0,0,-1
2014-11-03 22:00:00,off,0,0,0,-1
2014-11-03 23:00:00,off,0,0,0,-1
2014-11-04 00:00:00,off,0,0,0,-1
2014-11-04 01:00:00,off,0,0,0,-1
2014-11-04 02:00:00,off,0,0,0,-1
2014-11-04 03:00:00,off,0,0,0,-1
2014-11-04 04:00:00,off,0,0,0,-1
2014-11-04 05:00:00,off,0,0,0,-1
2014-11-04 06:00:00,off,0,0,0,-1
2014-11-04 07:00:00,off,0,0,0,-1
2014-11-04 08:00:00,off,0,0,0,-1
2014-11-04 09:00:00,off,0,0,0,-1
2014-11-04 10:00:00,off,0,0,0,-1
2014-11-04 11:00:00,off,0,0,0,-1
2014-11-04 12:00:00,off,0,0,0,-1
2014-11-04 13:00:00,off,0,0,0,-1
2014-11-04 14:00:00,off,0,0,0,-1
2014-11-04 15:00:00,off,0,0,0,-1
2014-11-04 16:00:00,off,0,0,0,-1
2014-11-04 17:00:00,off,0,0,0,-1
2014-11-04 18:00:00,off,0,0,0,-1
2014-11-04 19:00:00,off,0,0,0,-1
2014-11-04 20:00:00,off,0,0,0,-1
2014-11-04 21:00:00,off,0,0,0,-1
2014-11-04 22:00:00,off,0,0,0,-1
2014-11-04 23:00:00,off,0,0,0,-1
2014-11-05 00:00:00,off,0,0,0,-1
2014-11-05 01:00:00,off,0,0,0,-1
2014-11-05 02:00:00,off,0,0,0,-1
2014-11-05 03:00:00,off,0,0,0,-1
2014-11-05 04:00:00,off,0,0,0,-1
2014-11-05 05:00:00,off,0,0,0,-1
2014-11-05 06:00:00,off,0,0,0,-1
2014-11-05 07:00:00,off,0,0,0,-1
2014-11-05 08:00:00,off,0,0,0,-1
2014-11-05 09:00:00,off,0,0,0,-1
2014-11-05 10:00:00,off,0,0,0,-1
2014-11-05 11:00:00,off,0,0,0,-1
2014-11-05 12:00:00,off,0,0,0,-1
2014-11-05 13:00:00,off,0,0,0,-1
2014-11-05 14:00:00,off,0,0,0,-1
2014-11-05 15:00:00,off,0,0,0,-1
2014-11-05 16:00:00,off,0,0,0,-1
2014-11-05 17:00:00,off,0,0,0,-1
2014-11-05 18:00:00,off,0,0,0,-1
2014-11-05 19:00:00,off,0,0,0,-1
2014-11-05 20:00:00,off,0,0,0,-1
2014-11-05 21:00:00,off,0,0,0,-1
2014-11-05 22:00:00,off,0,0,0,-1
2014-11-05 23:00:00,off,0,0,0,-1
2014-11-06 00:00:00,off,0,0,0,-1
2014-11-06 01:00:00,off,0,0,0,-1
2014-11-06 02:00:00,off,0,0,0,-1
2014-11-06 03:00:00,off,0,0,0,-1
2014-11-06 04:00:00,off,0,0,0,-1
2014-11-06 05:00:00,off,0,0,0,-1
2014-11-06 06:00:00,off,0,0,0,-1
2014-11-06 07:00:00,off,0,0,0,-1
2014-11-06 08:00:00,off,0,0,0,-1
2014-11-06 09:00:00,off,0,0,0,-1
2014-11-06 10:00:00,off,0,0,0,-1
2014-11-06 11:00:00,off,0,0,0,-1
2014-11-06 12:00:00,off,0,0,0,-1
2014-11-06 13:00:00,off,0,0,0,-1
2014-11-06 14:00:00,off,0,0,0,-1
2014-11-06 15:00:00,off,0,0,0,-1
2014-11-06 16:00:00,off,0,0,0,-1
2014-11-06 17:00:00,off,0,0,0,-1
2014-11-06 18:00:00,off,0,0,0,-1
2014-11-06 19:00:00,off,0,0,0,-1
2014-11-06 20:00:00,off,0,0,0,-1
2014-11-06 21:00:00,off,0,0,0,-1
2014-11-06 22:00:00,off,0,0,0,-1
2014-11-06 23:00:00,off,0,0,0,-1
2014-11-07 00:00:00,off,0,0,0,-1
2014-11-07 01:00:00,off,0,0,0,-1
2014-11-07 02:00:00,off,0,0,0,-1
2014-11-07 03:00:00,off,0,0,0,-1
2014-11-07 04:00:00,off,0,0,0,-1
2014-11-07 05:00:00,off,0,0,0,-1
2014-11-07 06:00:00,off,0,0,0,-1
2014-11-07 07:00:00,off,0,0,0,-1
2014-11-07 08:00:00,off,0,0,0,-1
2014-11-07 09:00:00,off,0,0,0,-1
2014-11-07 10:00:00,on,0.5600000000000005,0.008288927301764488,0:00:00.000195,5.2
2014-11-07 11:00:00,on,3.6,0.05140907876193516,0:00:00.000189,8.8
2014-11-07 12:00:00,on,3.6,0.0521774310618639,0:00:00.000205,12.4
2014-11-07 13:00:00,on,3.5999999999999996,0.05250403024256213,0:00:00.000789,16.0
2014-11-07 14:00:00,off,0,0,0,-1
2014-11-07 15:00:00,off,0,0,0,-1
2014-11-07 16:00:00,off,0,0,0,-1
2014-11-07 17:00:00,off,0,0,0,-1
2014-11-07 18:00:00,off,0,0,0,-1
2014-11-07 19:00:00,off,0,0,0,-1
2014-11-07 20:00:00,off,0,0,0,-1
2014-11-07 21:00:00,off,0,0,0,-1
2014-11-07 22:00:00,off,0,0,0,-1
2014-11-07 23:00:00,off,0,0,0,-1
2014-11-08 00:00:00,off,0,0,0,-1
2014-11-08 01:00:00,off,0,0,0,-1
2014-11-08 02:00:00,off,0,0,0,-1
2014-11-08 03:00:00,off,0,0,0,-1
2014-11-08 04:00:00,off,0,0,0,-1
2014-11-08 05:00:00,off,0,0,0,-1
2014-11-08 06:00:00,off,0,0,0,-1
2014-11-08 07:00:00,off,0,0,0,-1
2014-11-08 08:00:00,off,0,0,0,-1
2014-11-08 09:00:00,off,0,0,0,-1
2014-11-08 10:00:00,off,0,0,0,-1
2014-11-08 11:00:00,off,0,0,0,-1
2014-11-08 12:00:00,off,0,0,0,-1
2014-11-08 13:00:00,off,0,0,0,-1
2014-11-08 14:00:00,off,0,0,0,-1
2014-11-08 15:00:00,off,0,0,0,-1
2014-11-08 16:00:00,off,0,0,0,-1
2014-11-08 17:00:00,off,0,0,0,-1
2014-11-08 18:00:00,off,0,0,0,-1
2014-11-08 19:00:00,off,0,0,0,-1
2014-11-08 20:00:00,off,0,0,0,-1
2014-11-08 21:00:00,off,0,0,0,-1
2014-11-08 22:00:00,off,0,0,0,-1
2014-11-08 23:00:00,off,0,0,0,-1
2014-11-09 00:00:00,off,0,0,0,-1
2014-11-09 01:00:00,off,0,0,0,-1
2014-11-09 02:00:00,off,0,0,0,-1
2014-11-09 03:00:00,off,0,0,0,-1
2014-11-09 04:00:00,off,0,0,0,-1
2014-11-09 05:00:00,off,0,0,0,-1
2014-11-09 06:00:00,off,0,0,0,-1
2014-11-09 07:00:00,off,0,0,0,-1
2014-11-09 08:00:00,off,0,0,0,-1
2014-11-09 09:00:00,off,0,0,0,-1
2014-11-09 10:00:00,off,0,0,0,-1
2014-11-09 11:00:00,off,0,0,0,-1
2014-11-09 12:00:00,off,0,0,0,-1
2014-11-09 13:00:00,off,0,0,0,-1
2014-11-09 14:00:00,off,0,0,0,-1
2014-11-09 15:00:00,off,0,0,0,-1
2014-11-09 16:00:00,off,0,0,0,-1
2014-11-09 17:00:00,off,0,0,0,-1
2014-11-09 18:00:00,off,0,0,0,-1
2014-11-09 19:00:00,off,0,0,0,-1
2014-11-09 20:00:00,off,0,0,0,-1
2014-11-09 21:00:00,off,0,0,0,-1
2014-11-09 22:00:00,off,0,0,0,-1
2014-11-09 23:00:00,off,0,0,0,-1
2014-11-10 00:00:00,off,0,0,0,-1
2014-11-10 01:00:00,off,0,0,0,-1
2014-11-10 02:00:00,off,0,0,0,-1
2014-11-10 03:00:00,off,0,0,0,-1
2014-11-10 04:00:00,off,0,0,0,-1
2014-11-10 05:00:00,off,0,0,0,-1
2014-11-10 06:00:00,off,0,0,0,-1
2014-11-10 07:00:00,off,0,0,0,-1
2014-11-10 08:00:00,off,0,0,0,-1
2014-11-10 09:00:00,off,0,0,0,-1
2014-11-10 10:00:00,off,0,0,0,-1
2014-11-10 11:00:00,off,0,0,0,-1
2014-11-10 12:00:00,off,0,0,0,-1
2014-11-10 13:00:00,off,0,0,0,-1
2014-11-10 14:00:00,off,0,0,0,-1
2014-11-10 15:00:00,off,0,0,0,-1
2014-11-10 16:00:00,off,0,0,0,-1
2014-11-10 17:00:00,off,0,0,0,-1
2014-11-10 18:00:00,off,0,0,0,-1
2014-11-10 19:00:00,off,0,0,0,-1
2014-11-10 20:00:00,off,0,0,0,-1
2014-11-10 21:00:00,off,0,0,0,-1
2014-11-10 22:00:00,off,0,0,0,-1
2014-11-10 23:00:00,off,0,0,0,-1
2014-11-11 00:00:00,off,0,0,0,-1
2014-11-11 01:00:00,off,0,0,0,-1
2014-11-11 02:00:00,off,0,0,0,-1
2014-11-11 03:00:00,off,0,0,0,-1
2014-11-11 04:00:00,off,0,0,0,-1
2014-11-11 05:00:00,off,0,0,0,-1
2014-11-11 06:00:00,off,0,0,0,-1
2014-11-11 07:00:00,off,0,0,0,-1
2014-11-11 08:00:00,off,0,0,0,-1
2014-11-11 09:00:00,off,0,0,0,-1
2014-11-11 10:00:00,off,0,0,0,-1
2014-11-11 11:00:00,off,0,0,0,-1
2014-11-11 12:00:00,off,0,0,0,-1
2014-11-11 13:00:00,off,0,0,0,-1
2014-11-11 14:00:00,off,0,0,0,-1
2014-11-11 15:00:00,off,0,0,0,-1
2014-11-11 16:00:00,off,0,0,0,-1
2014-11-11 17:00:00,off,0,0,0,-1
2014-11-11 18:00:00,off,0,0,0,-1
2014-11-11 19:00:00,off,0,0,0,-1
2014-11-11 20:00:00,off,0,0,0,-1
2014-11-11 21:00:00,off,0,0,0,-1
2014-11-11 22:00:00,off,0,0,0,-1
2014-11-11 23:00:00,off,0,0,0,-1
2014-11-12 00:00:00,off,0,0,0,-1
2014-11-12 01:00:00,off,0,0,0,-1
2014-11-12 02:00:00,off,0,0,0,-1
2014-11-12 03:00:00,off,0,0,0,-1
2014-11-12 04:00:00,off,0,0,0,-1
2014-11-12 05:00:00,off,0,0,0,-1
2014-11-12 06:00:00,off,0,0,0,-1
2014-11-12 07:00:00,off,0,0,0,-1
2014-11-12 08:00:00,off,0,0,0,-1
2014-11-12 09:00:00,off,0,0,0,-1
2014-11-12 10:00:00,off,0,0,0,-1
2014-11-12 11:00:00,off,0,0,0,-1
2014-11-12 12:00:00,off,0,0,0,-1
2014-11-12 13:00:00,off,0,0,0,-1
2014-11-12 14:00:00,off,0,0,0,-1
2014-11-12 15:00:00,off,0,0,0,-1
2014-11-12 16:00:00,off,0,0,0,-1
2014-11-12 17:00:00,off,0,0,0,-1
2014-11-12 18:00:00,off,0,0,0,-1
2014-11-12 19:00:00,off,0,0,0,-1
2014-11-12 20:00:00,off,0,0,0,-1
2014-11-12 21:00:00,off,0,0,0,-1
2014-11-12 22:00:00,off,0,0,0,-1
2014-11-12 23:00:00,off,0,0,0,-1
2014-11-13 00:00:00,off,0,0,0,-1
2014-11-13 01:00:00,off,0,0,0,-1
2014-11-13 02:00:00,off,0,0,0,-1
2014-11-13 03:00:00,off,0,0,0,-1
2014-11-13 04:00:00,off,0,0,0,-1
2014-11-13 05:00:00,off,0,0,0,-1
2014-11-13 06:00:00,off,0,0,0,-1
2014-11-13 07:00:00,off,0,0,0,-1
2014-11-13 08:00:00,off,0,0,0,-1
2014-11-13 09:00:00,off,0,0,0,-1
2014-11-13 10:00:00,off,0,0,0,-1
2014-11-13 11:00:00,on,3.6,0.04757166244089594,0:00:00.000211,9.84
2014-11-13 12:00:00,off,0,0,0,-1
2014-11-13 13:00:00,off,0,0,0,-1
2014-11-13 14:00:00,off,0,0,0,-1
2014-11-13 15:00:00,off,0,0,0,-1
2014-11-13 16:00:00,on,3.6,0.05097714252769944,0:00:00.000186,13.04
2014-11-13 17:00:00,on,2.960000000000001,0.045813493505120255,0:00:00.000177,16.0
2014-11-13 18:00:00,off,0,0,0,-1
2014-11-13 19:00:00,off,0,0,0,-1
2014-11-13 20:00:00,off,0,0,0,-1
2014-11-13 21:00:00,off,0,0,0,-1
2014-11-13 22:00:00,off,0,0,0,-1
2014-11-13 23:00:00,off,0,0,0,-1
2014-11-14 00:00:00,off,0,0,0,-1
2014-11-14 01:00:00,off,0,0,0,-1
2014-11-14 02:00:00,off,0,0,0,-1
2014-11-14 03:00:00,off,0,0,0,-1
2014-11-14 04:00:00,off,0,0,0,-1
2014-11-14 05:00:00,off,0,0,0,-1
2014-11-14 06:00:00,off,0,0,0,-1
2014-11-14 07:00:00,off,0,0,0,-1
2014-11-14 08:00:00,off,0,0,0,-1
2014-11-14 09:00:00,off,0,0,0,-1
2014-11-14 10:00:00,off,0,0,0,-1
2014-11-14 11:00:00,off,0,0,0,-1
2014-11-14 12:00:00,off,0,0,0,-1
2014-11-14 13:00:00,off,0,0,0,-1
2014-11-14 14:00:00,off,0,0,0,-1
2014-11-14 15:00:00,off,0,0,0,-1
2014-11-14 16:00:00,off,0,0,0,-1
2014-11-14 17:00:00,off,0,0,0,-1
2014-11-14 18:00:00,off,0,0,0,-1
2014-11-14 19:00:00,off,0,0,0,-1
2014-11-14 20:00:00,off,0,0,0,-1
2014-11-14 21:00:00,off,0,0,0,-1
2014-11-14 22:00:00,off,0,0,0,-1
2014-11-14 23:00:00,off,0,0,0,-1
2014-11-15 00:00:00,off,0,0,0,-1
2014-11-15 01:00:00,off,0,0,0,-1
2014-11-15 02:00:00,off,0,0,0,-1
2014-11-15 03:00:00,off,0,0,0,-1
2014-11-15 04:00:00,off,0,0,0,-1
2014-11-15 05:00:00,off,0,0,0,-1
2014-11-15 06:00:00,off,0,0,0,-1
2014-11-15 07:00:00,off,0,0,0,-1
2014-11-15 08:00:00,off,0,0,0,-1
2014-11-15 09:00:00,off,0,0,0,-1
2014-11-15 10:00:00,off,0,0,0,-1
2014-11-15 11:00:00,off,0,0,0,-1
2014-11-15 12:00:00,off,0,0,0,-1
2014-11-15 13:00:00,off,0,0,0,-1
2014-11-15 14:00:00,off,0,0,0,-1
2014-11-15 15:00:00,off,0,0,0,-1
2014-11-15 16:00:00,off,0,0,0,-1
2014-11-15 17:00:00,off,0,0,0,-1
2014-11-15 18:00:00,off,0,0,0,-1
2014-11-15 19:00:00,off,0,0,0,-1
2014-11-15 20:00:00,off,0,0,0,-1
2014-11-15 21:00:00,off,0,0,0,-1
2014-11-15 22:00:00,off,0,0,0,-1
2014-11-15 23:00:00,off,0,0,0,-1
2014-11-16 00:00:00,off,0,0,0,-1
2014-11-16 01:00:00,off,0,0,0,-1
2014-11-16 02:00:00,off,0,0,0,-1
2014-11-16 03:00:00,off,0,0,0,-1
2014-11-16 04:00:00,off,0,0,0,-1
2014-11-16 05:00:00,off,0,0,0,-1
2014-11-16 06:00:00,off,0,0,0,-1
2014-11-16 07:00:00,off,0,0,0,-1
2014-11-16 08:00:00,off,0,0,0,-1
2014-11-16 09:00:00,off,0,0,0,-1
2014-11-16 10:00:00,off,0,0,0,-1
2014-11-16 11:00:00,off,0,0,0,-1
2014-11-16 12:00:00,off,0,0,0,-1
2014-11-16 13:00:00,off,0,0,0,-1
2014-11-16 14:00:00,off,0,0,0,-1
2014-11-16 15:00:00,off,0,0,0,-1
2014-11-16 16:00:00,off,0,0,0,-1
2014-11-16 17:00:00,off,0,0,0,-1
2014-11-16 18:00:00,off,0,0,0,-1
2014-11-16 19:00:00,off,0,0,0,-1
2014-11-16 20:00:00,off,0,0,0,-1
2014-11-16 21:00:00,off,0,0,0,-1
2014-11-16 22:00:00,off,0,0,0,-1
2014-11-16 23:00:00,off,0,0,0,-1
2014-11-17 00:00:00,off,0,0,0,-1
2014-11-17 01:00:00,off,0,0,0,-1
2014-11-17 02:00:00,off,0,0,0,-1
2014-11-17 03:00:00,off,0,0,0,-1
2014-11-17 04:00:00,off,0,0,0,-1
2014-11-17 05:00:00,off,0,0,0,-1
2014-11-17 06:00:00,off,0,0,0,-1
2014-11-17 07:00:00,off,0,0,0,-1
2014-11-17 08:00:00,off,0,0,0,-1
2014-11-17 09:00:00,off,0,0,0,-1
2014-11-17 10:00:00,off,0,0,0,-1
2014-11-17 11:00:00,off,0,0,0,-1
2014-11-17 12:00:00,off,0,0,0,-1
2014-11-17 13:00:00,on,3.6,0.043897324427962195,0:00:00.000206,11.12
2014-11-17 14:00:00,on,3.6,0.044531066715717244,0:00:00.000165,14.719999999999999
2014-11-17 15:00:00,off,0,0,0,-1
2014-11-17 16:00:00,off,0,0,0,-1
2014-11-17 17:00:00,off,0,0,0,-1
2014-11-17 18:00:00,off,0,0,0,-1
2014-11-17 19:00:00,off,0,0,0,-1
2014-11-17 20:00:00,off,0,0,0,-1
2014-11-17 21:00:00,off,0,0,0,-1
2014-11-17 22:00:00,off,0,0,0,-1
2014-11-17 23:00:00,off,0,0,0,-1
2014-11-18 00:00:00,off,0,0,0,-1
2014-11-18 01:00:00,off,0,0,0,-1
2014-11-18 02:00:00,off,0,0,0,-1
2014-11-18 03:00:00,off,0,0,0,-1
2014-11-18 04:00:00,off,0,0,0,-1
2014-11-18 05:00:00,off,0,0,0,-1
2014-11-18 06:00:00,off,0,0,0,-1
2014-11-18 07:00:00,off,0,0,0,-1
2014-11-18 08:00:00,off,0,0,0,-1
2014-11-18 09:00:00,off,0,0,0,-1
2014-11-18 10:00:00,off,0,0,0,-1
2014-11-18 11:00:00,off,0,0,0,-1
2014-11-18 12:00:00,off,0,0,0,-1
2014-11-18 13:00:00,off,0,0,0,-1
2014-11-18 14:00:00,off,0,0,0,-1
2014-11-18 15:00:00,off,0,0,0,-1
2014-11-18 16:00:00,off,0,0,0,-1
2014-11-18 17:00:00,off,0,0,0,-1
2014-11-18 18:00:00,off,0,0,0,-1
2014-11-18 19:00:00,off,0,0,0,-1
2014-11-18 20:00:00,off,0,0,0,-1
2014-11-18 21:00:00,off,0,0,0,-1
2014-11-18 22:00:00,off,0,0,0,-1
2014-11-18 23:00:00,off,0,0,0,-1
2014-11-19 00:00:00,off,0,0,0,-1
2014-11-19 01:00:00,off,0,0,0,-1
2014-11-19 02:00:00,off,0,0,0,-1
2014-11-19 03:00:00,off,0,0,0,-1
2014-11-19 04:00:00,off,0,0,0,-1
2014-11-19 05:00:00,off,0,0,0,-1
2014-11-19 06:00:00,off,0,0,0,-1
2014-11-19 07:00:00,off,0,0,0,-1
2014-11-19 08:00:00,off,0,0,0,-1
2014-11-19 09:00:00,off,0,0,0,-1
2014-11-19 10:00:00,off,0,0,0,-1
2014-11-19 11:00:00,off,0,0,0,-1
2014-11-19 12:00:00,off,0,0,0,-1
2014-11-19 13:00:00,off,0,0,0,-1
2014-11-19 14:00:00,off,0,0,0,-1
2014-11-19 15:00:00,off,0,0,0,-1
2014-11-19 16:00:00,off,0,0,0,-1
2014-11-19 17:00:00,off,0,0,0,-1
2014-11-19 18:00:00,off,0,0,0,-1
2014-11-19 19:00:00,off,0,0,0,-1
2014-11-19 20:00:00,off,0,0,0,-1
2014-11-19 21:00:00,off,0,0,0,-1
2014-11-19 22:00:00,off,0,0,0,-1
2014-11-19 23:00:00,off,0,0,0,-1
2014-11-20 00:00:00,off,0,0,0,-1
2014-11-20 01:00:00,off,0,0,0,-1
2014-11-20 02:00:00,off,0,0,0,-1
2014-11-20 03:00:00,off,0,0,0,-1
2014-11-20 04:00:00,off,0,0,0,-1
2014-11-20 05:00:00,off,0,0,0,-1
2014-11-20 06:00:00,off,0,0,0,-1
2014-11-20 07:00:00,off,0,0,0,-1
2014-11-20 08:00:00,off,0,0,0,-1
2014-11-20 09:00:00,off,0,0,0,-1
2014-11-20 10:00:00,off,0,0,0,-1
2014-11-20 11:00:00,off,0,0,0,-1
2014-11-20 12:00:00,off,0,0,0,-1
2014-11-20 13:00:00,off,0,0,0,-1
2014-11-20 14:00:00,off,0,0,0,-1
2014-11-20 15:00:00,off,0,0,0,-1
2014-11-20 16:00:00,off,0,0,0,-1
2014-11-20 17:00:00,off,0,0,0,-1
2014-11-20 18:00:00,off,0,0,0,-1
2014-11-20 19:00:00,off,0,0,0,-1
2014-11-20 20:00:00,off,0,0,0,-1
2014-11-20 21:00:00,off,0,0,0,-1
2014-11-20 22:00:00,off,0,0,0,-1
2014-11-20 23:00:00,off,0,0,0,-1
2014-11-21 00:00:00,off,0,0,0,-1
2014-11-21 01:00:00,off,0,0,0,-1
2014-11-21 02:00:00,off,0,0,0,-1
2014-11-21 03:00:00,off,0,0,0,-1
2014-11-21 04:00:00,off,0,0,0,-1
2014-11-21 05:00:00,off,0,0,0,-1
2014-11-21 06:00:00,off,0,0,0,-1
2014-11-21 07:00:00,off,0,0,0,-1
2014-11-21 08:00:00,off,0,0,0,-1
2014-11-21 09:00:00,off,0,0,0,-1
2014-11-21 10:00:00,off,0,0,0,-1
2014-11-21 11:00:00,off,0,0,0,-1
2014-11-21 12:00:00,off,0,0,0,-1
2014-11-21 13:00:00,off,0,0,0,-1
2014-11-21 14:00:00,off,0,0,0,-1
2014-11-21 15:00:00,off,0,0,0,-1
2014-11-21 16:00:00,off,0,0,0,-1
2014-11-21 17:00:00,off,0,0,0,-1
2014-11-21 18:00:00,off,0,0,0,-1
2014-11-21 19:00:00,off,0,0,0,-1
2014-11-21 20:00:00,off,0,0,0,-1
2014-11-21 21:00:00,off,0,0,0,-1
2014-11-21 22:00:00,off,0,0,0,-1
2014-11-21 23:00:00,off,0,0,0,-1
2014-11-22 00:00:00,off,0,0,0,-1
2014-11-22 01:00:00,off,0,0,0,-1
2014-11-22 02:00:00,off,0,0,0,-1
2014-11-22 03:00:00,off,0,0,0,-1
2014-11-22 04:00:00,off,0,0,0,-1
2014-11-22 05:00:00,off,0,0,0,-1
2014-11-22 06:00:00,off,0,0,0,-1
2014-11-22 07:00:00,off,0,0,0,-1
2014-11-22 08:00:00,off,0,0,0,-1
2014-11-22 09:00:00,off,0,0,0,-1
2014-11-22 10:00:00,off,0,0,0,-1
2014-11-22 11:00:00,off,0,0,0,-1
2014-11-22 12:00:00,off,0,0,0,-1
2014-11-22 13:00:00,off,0,0,0,-1
2014-11-22 14:00:00,off,0,0,0,-1
2014-11-22 15:00:00,off,0,0,0,-1
2014-11-22 16:00:00,off,0,0,0,-1
2014-11-22 17:00:00,off,0,0,0,-1
2014-11-22 18:00:00,off,0,0,0,-1
2014-11-22 19:00:00,off,0,0,0,-1
2014-11-22 20:00:00,off,0,0,0,-1
2014-11-22 21:00:00,off,0,0,0,-1
2014-11-22 22:00:00,off,0,0,0,-1
2014-11-22 23:00:00,off,0,0,0,-1
2014-11-23 00:00:00,off,0,0,0,-1
2014-11-23 01:00:00,off,0,0,0,-1
2014-11-23 02:00:00,off,0,0,0,-1
2014-11-23 03:00:00,off,0,0,0,-1
2014-11-23 04:00:00,off,0,0,0,-1
2014-11-23 05:00:00,off,0,0,0,-1
2014-11-23 06:00:00,off,0,0,0,-1
2014-11-23 07:00:00,off,0,0,0,-1
2014-11-23 08:00:00,off,0,0,0,-1
2014-11-23 09:00:00,off,0,0,0,-1
2014-11-23 10:00:00,off,0,0,0,-1
2014-11-23 11:00:00,off,0,0,0,-1
2014-11-23 12:00:00,off,0,0,0,-1
2014-11-23 13:00:00,off,0,0,0,-1
2014-11-23 14:00:00,off,0,0,0,-1
2014-11-23 15:00:00,off,0,0,0,-1
2014-11-23 16:00:00,off,0,0,0,-1
2014-11-23 17:00:00,off,0,0,0,-1
2014-11-23 18:00:00,off,0,0,0,-1
2014-11-23 19:00:00,off,0,0,0,-1
2014-11-23 20:00:00,off,0,0,0,-1
2014-11-23 21:00:00,off,0,0,0,-1
2014-11-23 22:00:00,off,0,0,0,-1
2014-11-23 23:00:00,off,0,0,0,-1
2014-11-24 00:00:00,off,0,0,0,-1
2014-11-24 01:00:00,off,0,0,0,-1
2014-11-24 02:00:00,off,0,0,0,-1
2014-11-24 03:00:00,off,0,0,0,-1
2014-11-24 04:00:00,off,0,0,0,-1
2014-11-24 05:00:00,off,0,0,0,-1
2014-11-24 06:00:00,off,0,0,0,-1
2014-11-24 07:00:00,off,0,0,0,-1
2014-11-24 08:00:00,off,0,0,0,-1
2014-11-24 09:00:00,off,0,0,0,-1
2014-11-24 10:00:00,off,0,0,0,-1
2014-11-24 11:00:00,off,0,0,0,-1
2014-11-24 12:00:00,off,0,0,0,-1
2014-11-24 13:00:00,off,0,0,0,-1
2014-11-24 14:00:00,off,0,0,0,-1
2014-11-24 15:00:00,off,0,0,0,-1
2014-11-24 16:00:00,off,0,0,0,-1
2014-11-24 17:00:00,off,0,0,0,-1
2014-11-24 18:00:00,off,0,0,0,-1
2014-11-24 19:00:00,off,0,0,0,-1
2014-11-24 20:00:00,off,0,0,0,-1
2014-11-24 21:00:00,off,0,0,0,-1
2014-11-24 22:00:00,off,0,0,0,-1
2014-11-24 23:00:00,off,0,0,0,-1
2014-11-25 00:00:00,off,0,0,0,-1
2014-11-25 01:00:00,off,0,0,0,-1
2014-11-25 02:00:00,off,0,0,0,-1
2014-11-25 03:00:00,off,0,0,0,-1
2014-11-25 04:00:00,off,0,0,0,-1
2014-11-25 05:00:00,off,0,0,0,-1
2014-11-25 06:00:00,off,0,0,0,-1
2014-11-25 07:00:00,off,0,0,0,-1
2014-11-25 08:00:00,off,0,0,0,-1
2014-11-25 09:00:00,off,0,0,0,-1
2014-11-25 10:00:00,off,0,0,0,-1
2014-11-25 11:00:00,off,0,0,0,-1
2014-11-25 12:00:00,off,0,0,0,-1
2014-11-25 13:00:00,off,0,0,0,-1
2014-11-25 14:00:00,off,0,0,0,-1
2014-11-25 15:00:00,off,0,0,0,-1
2014-11-25 16:00:00,off,0,0,0,-1
2014-11-25 17:00:00,off,0,0,0,-1
2014-11-25 18:00:00,off,0,0,0,-1
2014-11-25 19:00:00,off,0,0,0,-1
2014-11-25 20:00:00,off,0,0,0,-1
2014-11-25 21:00:00,off,0,0,0,-1
2014-11-25 22:00:00,off,0,0,0,-1
2014-11-25 23:00:00,off,0,0,0,-1
2014-11-26 00:00:00,off,0,0,0,-1
2014-11-26 01:00:00,off,0,0,0,-1
2014-11-26 02:00:00,off,0,0,0,-1
2014-11-26 03:00:00,off,0,0,0,-1
2014-11-26 04:00:00,off,0,0,0,-1
2014-11-26 05:00:00,off,0,0,0,-1
2014-11-26 06:00:00,off,0,0,0,-1
2014-11-26 07:00:00,off,0,0,0,-1
2014-11-26 08:00:00,off,0,0,0,-1
2014-11-26 09:00:00,off,0,0,0,-1
2014-11-26 10:00:00,off,0,0,0,-1
2014-11-26 11:00:00,off,0,0,0,-1
2014-11-26 12:00:00,off,0,0,0,-1
2014-11-26 13:00:00,off,0,0,0,-1
2014-11-26 14:00:00,off,0,0,0,-1
2014-11-26 15:00:00,off,0,0,0,-1
2014-11-26 16:00:00,off,0,0,0,-1
2014-11-26 17:00:00,off,0,0,0,-1
2014-11-26 18:00:00,off,0,0,0,-1
2014-11-26 19:00:00,off,0,0,0,-1
2014-11-26 20:00:00,off,0,0,0,-1
2014-11-26 21:00:00,off,0,0,0,-1
2014-11-26 22:00:00,off,0,0,0,-1
2014-11-26 23:00:00,off,0,0,0,-1
2014-11-27 00:00:00,off,0,0,0,-1
2014-11-27 01:00:00,off,0,0,0,-1
2014-11-27 02:00:00,off,0,0,0,-1
2014-11-27 03:00:00,off,0,0,0,-1
2014-11-27 04:00:00,off,0,0,0,-1
2014-11-27 05:00:00,off,0,0,0,-1
2014-11-27 06:00:00,off,0,0,0,-1
2014-11-27 07:00:00,off,0,0,0,-1
2014-11-27 08:00:00,off,0,0,0,-1
2014-11-27 09:00:00,off,0,0,0,-1
2014-11-27 10:00:00,off,0,0,0,-1
2014-11-27 11:00:00,off,0,0,0,-1
2014-11-27 12:00:00,off,0,0,0,-1
2014-11-27 13:00:00,off,0,0,0,-1
2014-11-27 14:00:00,off,0,0,0,-1
2014-11-27 15:00:00,off,0,0,0,-1
2014-11-27 16:00:00,off,0,0,0,-1
2014-11-27 17:00:00,off,0,0,0,-1
2014-11-27 18:00:00,off,0,0,0,-1
2014-11-27 19:00:00,off,0,0,0,-1
2014-11-27 20:00:00,off,0,0,0,-1
2014-11-27 21:00:00,off,0,0,0,-1
2014-11-27 22:00:00,off,0,0,0,-1
2014-11-27 23:00:00,off,0,0,0,-1
2014-11-28 00:00:00,off,0,0,0,-1
2014-11-28 01:00:00,off,0,0,0,-1
2014-11-28 02:00:00,off,0,0,0,-1
2014-11-28 03:00:00,off,0,0,0,-1
2014-11-28 04:00:00,off,0,0,0,-1
2014-11-28 05:00:00,off,0,0,0,-1
2014-11-28 06:00:00,off,0,0,0,-1
2014-11-28 07:00:00,off,0,0,0,-1
2014-11-28 08:00:00,off,0,0,0,-1
2014-11-28 09:00:00,off,0,0,0,-1
2014-11-28 10:00:00,off,0,0,0,-1
2014-11-28 11:00:00,off,0,0,0,-1
2014-11-28 12:00:00,off,0,0,0,-1
2014-11-28 13:00:00,off,0,0,0,-1
2014-11-28 14:00:00,off,0,0,0,-1
2014-11-28 15:00:00,off,0,0,0,-1
2014-11-28 16:00:00,off,0,0,0,-1
2014-11-28 17:00:00,off,0,0,0,-1
2014-11-28 18:00:00,off,0,0,0,-1
2014-11-28 19:00:00,off,0,0,0,-1
2014-11-28 20:00:00,off,0,0,0,-1
2014-11-28 21:00:00,off,0,0,0,-1
2014-11-28 22:00:00,off,0,0,0,-1
2014-11-28 23:00:00,off,0,0,0,-1
2014-11-29 00:00:00,off,0,0,0,-1
2014-11-29 01:00:00,off,0,0,0,-1
2014-11-29 02:00:00,off,0,0,0,-1
2014-11-29 03:00:00,off,0,0,0,-1
2014-11-29 04:00:00,off,0,0,0,-1
2014-11-29 05:00:00,off,0,0,0,-1
2014-11-29 06:00:00,off,0,0,0,-1
2014-11-29 07:00:00,off,0,0,0,-1
2014-11-29 08:00:00,off,0,0,0,-1
2014-11-29 09:00:00,off,0,0,0,-1
2014-11-29 10:00:00,off,0,0,0,-1
2014-11-29 11:00:00,off,0,0,0,-1
2014-11-29 12:00:00,off,0,0,0,-1
2014-11-29 13:00:00,off,0,0,0,-1
2014-11-29 14:00:00,off,0,0,0,-1
2014-11-29 15:00:00,off,0,0,0,-1
2014-11-29 16:00:00,off,0,0,0,-1
2014-11-29 17:00:00,off,0,0,0,-1
2014-11-29 18:00:00,off,0,0,0,-1
2014-11-29 19:00:00,off,0,0,0,-1
2014-11-29 20:00:00,off,0,0,0,-1
2014-11-29 21:00:00,off,0,0,0,-1
2014-11-29 22:00:00,off,0,0,0,-1
2014-11-29 23:00:00,off,0,0,0,-1
2014-11-30 00:00:00,off,0,0,0,-1
2014-11-30 01:00:00,off,0,0,0,-1
2014-11-30 02:00:00,off,0,0,0,-1
2014-11-30 03:00:00,off,0,0,0,-1
2014-11-30 04:00:00,off,0,0,0,-1
2014-11-30 05:00:00,off,0,0,0,-1
2014-11-30 06:00:00,off,0,0,0,-1
2014-11-30 07:00:00,off,0,0,0,-1
2014-11-30 08:00:00,off,0,0,0,-1
2014-11-30 09:00:00,off,0,0,0,-1
2014-11-30 10:00:00,off,0,0,0,-1
2014-11-30 11:00:00,off,0,0,0,-1
2014-11-30 12:00:00,off,0,0,0,-1
2014-11-30 13:00:00,off,0,0,0,-1
2014-11-30 14:00:00,off,0,0,0,-1
2014-11-30 15:00:00,off,0,0,0,-1
2014-11-30 16:00:00,off,0,0,0,-1
2014-11-30 17:00:00,off,0,0,0,-1
2014-11-30 18:00:00,off,0,0,0,-1
2014-11-30 19:00:00,off,0,0,0,-1
2014-11-30 20:00:00,off,0,0,0,-1
2014-11-30 21:00:00,off,0,0,0,-1
2014-11-30 22:00:00,off,0,0,0,-1
2014-11-30 23:00:00,off,0,0,0,-1
2014-12-01 00:00:00,off,0,0,0,-1
2014-12-01 01:00:00,off,0,0,0,-1
2014-12-01 02:00:00,off,0,0,0,-1
2014-12-01 03:00:00,off,0,0,0,-1
2014-12-01 04:00:00,off,0,0,0,-1
2014-12-01 05:00:00,off,0,0,0,-1
2014-12-01 06:00:00,off,0,0,0,-1
2014-12-01 07:00:00,off,0,0,0,-1
2014-12-01 08:00:00,off,0,0,0,-1
2014-12-01 09:00:00,off,0,0,0,-1
2014-12-01 10:00:00,off,0,0,0,-1
2014-12-01 11:00:00,off,0,0,0,-1
2014-12-01 12:00:00,off,0,0,0,-1
2014-12-01 13:00:00,off,0,0,0,-1
2014-12-01 14:00:00,off,0,0,0,-1
2014-12-01 15:00:00,off,0,0,0,-1
2014-12-01 16:00:00,off,0,0,0,-1
2014-12-01 17:00:00,off,0,0,0,-1
2014-12-01 18:00:00,off,0,0,0,-1
2014-12-01 19:00:00,off,0,0,0,-1
2014-12-01 20:00:00,off,0,0,0,-1
2014-12-01 21:00:00,off,0,0,0,-1
2014-12-01 22:00:00,off,0,0,0,-1
2014-12-01 23:00:00,off,0,0,0,-1
2014-12-02 00:00:00,off,0,0,0,-1
2014-12-02 01:00:00,off,0,0,0,-1
2014-12-02 02:00:00,off,0,0,0,-1
2014-12-02 03:00:00,off,0,0,0,-1
2014-12-02 04:00:00,off,0,0,0,-1
2014-12-02 05:00:00,off,0,0,0,-1
2014-12-02 06:00:00,off,0,0,0,-1
2014-12-02 07:00:00,off,0,0,0,-1
2014-12-02 08:00:00,off,0,0,0,-1
2014-12-02 09:00:00,off,0,0,0,-1
2014-12-02 10:00:00,off,0,0,0,-1
2014-12-02 11:00:00,off,0,0,0,-1
2014-12-02 12:00:00,off,0,0,0,-1
2014-12-02 13:00:00,off,0,0,0,-1
2014-12-02 14:00:00,off,0,0,0,-1
2014-12-02 15:00:00,off,0,0,0,-1
2014-12-02 16:00:00,off,0,0,0,-1
2014-12-02 17:00:00,off,0,0,0,-1
2014-12-02 18:00:00,off,0,0,0,-1
2014-12-02 19:00:00,off,0,0,0,-1
2014-12-02 20:00:00,off,0,0,0,-1
2014-12-02 21:00:00,off,0,0,0,-1
2014-12-02 22:00:00,off,0,0,0,-1
2014-12-02 23:00:00,off,0,0,0,-1
2014-12-03 00:00:00,off,0,0,0,-1
2014-12-03 01:00:00,off,0,0,0,-1
2014-12-03 02:00:00,off,0,0,0,-1
2014-12-03 03:00:00,off,0,0,0,-1
2014-12-03 04:00:00,off,0,0,0,-1
2014-12-03 05:00:00,off,0,0,0,-1
2014-12-03 06:00:00,off,0,0,0,-1
2014-12-03 07:00:00,off,0,0,0,-1
2014-12-03 08:00:00,off,0,0,0,-1
2014-12-03 09:00:00,off,0,0,0,-1
2014-12-03 10:00:00,off,0,0,0,-1
2014-12-03 11:00:00,off,0,0,0,-1
2014-12-03 12:00:00,off,0,0,0,-1
2014-12-03 13:00:00,off,0,0,0,-1
2014-12-03 14:00:00,off,0,0,0,-1
2014-12-03 15:00:00,off,0,0,0,-1
2014-12-03 16:00:00,off,0,0,0,-1
2014-12-03 17:00:00,off,0,0,0,-1
2014-12-03 18:00:00,off,0,0,0,-1
2014-12-03 19:00:00,off,0,0,0,-1
2014-12-03 20:00:00,off,0,0,0,-1
2014-12-03 21:00:00,off,0,0,0,-1
2014-12-03 22:00:00,off,0,0,0,-1
2014-12-03 23:00:00,off,0,0,0,-1
2014-12-04 00:00:00,off,0,0,0,-1
2014-12-04 01:00:00,off,0,0,0,-1
2014-12-04 02:00:00,off,0,0,0,-1
2014-12-04 03:00:00,off,0,0,0,-1
2014-12-04 04:00:00,off,0,0,0,-1
2014-12-04 05:00:00,off,0,0,0,-1
2014-12-04 06:00:00,off,0,0,0,-1
2014-12-04 07:00:00,off,0,0,0,-1
2014-12-04 08:00:00,off,0,0,0,-1
2014-12-04 09:00:00,off,0,0,0,-1
2014-12-04 10:00:00,off,0,0,0,-1
2014-12-04 11:00:00,off,0,0,0,-1
2014-12-04 12:00:00,off,0,0,0,-1
2014-12-04 13:00:00,off,0,0,0,-1
2014-12-04 14:00:00,off,0,0,0,-1
2014-12-04 15:00:00,off,0,0,0,-1
2014-12-04 16:00:00,off,0,0,0,-1
2014-12-04 17:00:00,off,0,0,0,-1
2014-12-04 18:00:00,off,0,0,0,-1
2014-12-04 19:00:00,off,0,0,0,-1
2014-12-04 20:00:00,off,0,0,0,-1
2014-12-04 21:00:00,off,0,0,0,-1
2014-12-04 22:00:00,off,0,0,0,-1
2014-12-04 23:00:00,off,0,0,0,-1
2014-12-05 00:00:00,off,0,0,0,-1
2014-12-05 01:00:00,off,0,0,0,-1
2014-12-05 02:00:00,off,0,0,0,-1
2014-12-05 03:00:00,off,0,0,0,-1
2014-12-05 04:00:00,off,0,0,0,-1
2014-12-05 05:00:00,off,0,0,0,-1
2014-12-05 06:00:00,off,0,0,0,-1
2014-12-05 07:00:00,off,0,0,0,-1
2014-12-05 08:00:00,off,0,0,0,-1
2014-12-05 09:00:00,off,0,0,0,-1
2014-12-05 10:00:00,off,0,0,0,-1
2014-12-05 11:00:00,off,0,0,0,-1
2014-12-05 12:00:00,off,0,0,0,-1
2014-12-05 13:00:00,off,0,0,0,-1
2014-12-05 14:00:00,off,0,0,0,-1
2014-12-05 15:00:00,off,0,0,0,-1
2014-12-05 16:00:00,off,0,0,0,-1
2014-12-05 17:00:00,off,0,0,0,-1
2014-12-05 18:00:00,off,0,0,0,-1
2014-12-05 19:00:00,off,0,0,0,-1
2014-12-05 20:00:00,off,0,0,0,-1
2014-12-05 21:00:00,off,0,0,0,-1
2014-12-05 22:00:00,off,0,0,0,-1
2014-12-05 23:00:00,off,0,0,0,-1
2014-12-06 00:00:00,off,0,0,0,-1
2014-12-06 01:00:00,off,0,0,0,-1
2014-12-06 02:00:00,off,0,0,0,-1
2014-12-06 03:00:00,off,0,0,0,-1
2014-12-06 04:00:00,off,0,0,0,-1
2014-12-06 05:00:00,off,0,0,0,-1
2014-12-06 06:00:00,off,0,0,0,-1
2014-12-06 07:00:00,off,0,0,0,-1
2014-12-06 08:00:00,off,0,0,0,-1
2014-12-06 09:00:00,off,0,0,0,-1
2014-12-06 10:00:00,off,0,0,0,-1
2014-12-06 11:00:00,off,0,0,0,-1
2014-12-06 12:00:00,off,0,0,0,-1
2014-12-06 13:00:00,off,0,0,0,-1
2014-12-06 14:00:00,off,0,0,0,-1
2014-12-06 15:00:00,on,3.6,0.04616651348769654,0:00:00.000280,11.12
2014-12-06 16:00:00,on,3.6,0.04961377233266814,0:00:00.000180,10.32
2014-12-06 17:00:00,off,0,0,0,-1
2014-12-06 18:00:00,off,0,0,0,-1
2014-12-06 19:00:00,off,0,0,0,-1
2014-12-06 20:00:00,off,0,0,0,-1
2014-12-06 21:00:00,off,0,0,0,-1
2014-12-06 22:00:00,off,0,0,0,-1
2014-12-06 23:00:00,off,0,0,0,-1
2014-12-07 00:00:00,off,0,0,0,-1
2014-12-07 01:00:00,off,0,0,0,-1
2014-12-07 02:00:00,off,0,0,0,-1
2014-12-07 03:00:00,off,0,0,0,-1
2014-12-07 04:00:00,off,0,0,0,-1
2014-12-07 05:00:00,off,0,0,0,-1
2014-12-07 06:00:00,off,0,0,0,-1
2014-12-07 07:00:00,on,0.0,0.0,0:00:00.000200,6.56
2014-12-07 08:00:00,on,0.0,0.0,0:00:00.000202,6.56
2014-12-07 09:00:00,on,0.0,0.0,0:00:00.000306,6.56
2014-12-07 10:00:00,on,0.0,0.0,0:00:00.000212,6.56
2014-12-07 11:00:00,on,0.0,0.0,0:00:00.000218,6.56
2014-12-07 12:00:00,on,0.0,0.0,0:00:00.000222,6.56
2014-12-07 13:00:00,on,2.24,0.03226257085800169,0:00:00.000183,8.8
2014-12-07 14:00:00,off,0,0,0,-1
2014-12-07 15:00:00,off,0,0,0,-1
2014-12-07 16:00:00,off,0,0,0,-1
2014-12-07 17:00:00,off,0,0,0,-1
2014-12-07 18:00:00,off,0,0,0,-1
2014-12-07 19:00:00,off,0,0,0,-1
2014-12-07 20:00:00,off,0,0,0,-1
2014-12-07 21:00:00,off,0,0,0,-1
2014-12-07 22:00:00,off,0,0,0,-1
2014-12-07 23:00:00,off,0,0,0,-1
2014-12-08 00:00:00,off,0,0,0,-1
2014-12-08 01:00:00,off,0,0,0,-1
2014-12-08 02:00:00,off,0,0,0,-1
2014-12-08 03:00:00,off,0,0,0,-1
2014-12-08 04:00:00,off,0,0,0,-1
2014-12-08 05:00:00,off,0,0,0,-1
2014-12-08 06:00:00,off,0,0,0,-1
2014-12-08 07:00:00,off,0,0,0,-1
2014-12-08 08:00:00,off,0,0,0,-1
2014-12-08 09:00:00,off,0,0,0,-1
2014-12-08 10:00:00,off,0,0,0,-1
2014-12-08 11:00:00,off,0,0,0,-1
2014-12-08 12:00:00,off,0,0,0,-1
2014-12-08 13:00:00,off,0,0,0,-1
2014-12-08 14:00:00,off,0,0,0,-1
2014-12-08 15:00:00,off,0,0,0,-1
2014-12-08 16:00:00,off,0,0,0,-1
2014-12-08 17:00:00,off,0,0,0,-1
2014-12-08 18:00:00,off,0,0,0,-1
2014-12-08 19:00:00,off,0,0,0,-1
2014-12-08 20:00:00,off,0,0,0,-1
2014-12-08 21:00:00,off,0,0,0,-1
2014-12-08 22:00:00,off,0,0,0,-1
2014-12-08 23:00:00,off,0,0,0,-1
2014-12-09 00:00:00,off,0,0,0,-1
2014-12-09 01:00:00,off,0,0,0,-1
2014-12-09 02:00:00,off,0,0,0,-1
2014-12-09 03:00:00,off,0,0,0,-1
2014-12-09 04:00:00,off,0,0,0,-1
2014-12-09 05:00:00,off,0,0,0,-1
2014-12-09 06:00:00,off,0,0,0,-1
2014-12-09 07:00:00,off,0,0,0,-1
2014-12-09 08:00:00,off,0,0,0,-1
2014-12-09 09:00:00,off,0,0,0,-1
2014-12-09 10:00:00,off,0,0,0,-1
2014-12-09 11:00:00,off,0,0,0,-1
2014-12-09 12:00:00,off,0,0,0,-1
2014-12-09 13:00:00,off,0,0,0,-1
2014-12-09 14:00:00,off,0,0,0,-1
2014-12-09 15:00:00,off,0,0,0,-1
2014-12-09 16:00:00,off,0,0,0,-1
2014-12-09 17:00:00,off,0,0,0,-1
2014-12-09 18:00:00,off,0,0,0,-1
2014-12-09 19:00:00,off,0,0,0,-1
2014-12-09 20:00:00,off,0,0,0,-1
2014-12-09 21:00:00,off,0,0,0,-1
2014-12-09 22:00:00,off,0,0,0,-1
2014-12-09 23:00:00,off,0,0,0,-1
2014-12-10 00:00:00,off,0,0,0,-1
2014-12-10 01:00:00,off,0,0,0,-1
2014-12-10 02:00:00,off,0,0,0,-1
2014-12-10 03:00:00,off,0,0,0,-1
2014-12-10 04:00:00,off,0,0,0,-1
2014-12-10 05:00:00,off,0,0,0,-1
2014-12-10 06:00:00,off,0,0,0,-1
2014-12-10 07:00:00,off,0,0,0,-1
2014-12-10 08:00:00,off,0,0,0,-1
2014-12-10 09:00:00,off,0,0,0,-1
2014-12-10 10:00:00,off,0,0,0,-1
2014-12-10 11:00:00,off,0,0,0,-1
2014-12-10 12:00:00,off,0,0,0,-1
2014-12-10 13:00:00,off,0,0,0,-1
2014-12-10 14:00:00,off,0,0,0,-1
2014-12-10 15:00:00,off,0,0,0,-1
2014-12-10 16:00:00,off,0,0,0,-1
2014-12-10 17:00:00,off,0,0,0,-1
2014-12-10 18:00:00,off,0,0,0,-1
2014-12-10 19:00:00,off,0,0,0,-1
2014-12-10 20:00:00,off,0,0,0,-1
2014-12-10 21:00:00,off,0,0,0,-1
2014-12-10 22:00:00,off,0,0,0,-1
2014-12-10 23:00:00,off,0,0,0,-1
2014-12-11 00:00:00,off,0,0,0,-1
2014-12-11 01:00:00,off,0,0,0,-1
2014-12-11 02:00:00,off,0,0,0,-1
2014-12-11 03:00:00,off,0,0,0,-1
2014-12-11 04:00:00,off,0,0,0,-1
2014-12-11 05:00:00,off,0,0,0,-1
2014-12-11 06:00:00,off,0,0,0,-1
2014-12-11 07:00:00,off,0,0,0,-1
2014-12-11 08:00:00,off,0,0,0,-1
2014-12-11 09:00:00,off,0,0,0,-1
2014-12-11 10:00:00,off,0,0,0,-1
2014-12-11 11:00:00,off,0,0,0,-1
2014-12-11 12:00:00,off,0,0,0,-1
2014-12-11 13:00:00,off,0,0,0,-1
2014-12-11 14:00:00,off,0,0,0,-1
2014-12-11 15:00:00,off,0,0,0,-1
2014-12-11 16:00:00,off,0,0,0,-1
2014-12-11 17:00:00,off,0,0,0,-1
2014-12-11 18:00:00,off,0,0,0,-1
2014-12-11 19:00:00,on,3.6,0.05943038240075112,0:00:00.000155,6.96
2014-12-11 20:00:00,off,0,0,0,-1
2014-12-11 21:00:00,off,0,0,0,-1
2014-12-11 22:00:00,off,0,0,0,-1
2014-12-11 23:00:00,off,0,0,0,-1
2014-12-12 00:00:00,off,0,0,0,-1
2014-12-12 01:00:00,off,0,0,0,-1
2014-12-12 02:00:00,off,0,0,0,-1
2014-12-12 03:00:00,off,0,0,0,-1
2014-12-12 04:00:00,off,0,0,0,-1
2014-12-12 05:00:00,off,0,0,0,-1
2014-12-12 06:00:00,off,0,0,0,-1
2014-12-12 07:00:00,on,0.0,0.0,0:00:00.000251,6.72
2014-12-12 08:00:00,on,0.0,0.0,0:00:00.000942,6.72
2014-12-12 09:00:00,on,0.0,0.0,0:00:00.000467,6.72
2014-12-12 10:00:00,on,0.0,0.0,0:00:00.000207,6.72
2014-12-12 11:00:00,on,0.0,0.0,0:00:00.000291,6.72
2014-12-12 12:00:00,on,0.0,0.0,0:00:00.000202,6.72
2014-12-12 13:00:00,off,0,0,0,-1
2014-12-12 14:00:00,off,0,0,0,-1
2014-12-12 15:00:00,off,0,0,0,-1
2014-12-12 16:00:00,off,0,0,0,-1
2014-12-12 17:00:00,off,0,0,0,-1
2014-12-12 18:00:00,off,0,0,0,-1
2014-12-12 19:00:00,off,0,0,0,-1
2014-12-12 20:00:00,off,0,0,0,-1
2014-12-12 21:00:00,off,0,0,0,-1
2014-12-12 22:00:00,off,0,0,0,-1
2014-12-12 23:00:00,off,0,0,0,-1
2014-12-13 00:00:00,off,0,0,0,-1
2014-12-13 01:00:00,off,0,0,0,-1
2014-12-13 02:00:00,off,0,0,0,-1
2014-12-13 03:00:00,off,0,0,0,-1
2014-12-13 04:00:00,off,0,0,0,-1
2014-12-13 05:00:00,off,0,0,0,-1
2014-12-13 06:00:00,off,0,0,0,-1
2014-12-13 07:00:00,on,0.0,0.0,0:00:00.000211,5.92
2014-12-13 08:00:00,on,0.0,0.0,0:00:00.000220,5.92
2014-12-13 09:00:00,on,0.0,0.0,0:00:00.000259,5.92
2014-12-13 10:00:00,on,0.0,0.0,0:00:00.000260,5.92
2014-12-13 11:00:00,on,0.0,0.0,0:00:00.000194,5.92
2014-12-13 12:00:00,on,2.880000000000001,0.03268032163381571,0:00:00.000233,8.8
2014-12-13 13:00:00,on,3.6,0.02959723770618438,0:00:00.000189,12.4
2014-12-13 14:00:00,off,0,0,0,-1
2014-12-13 15:00:00,off,0,0,0,-1
2014-12-13 16:00:00,off,0,0,0,-1
2014-12-13 17:00:00,off,0,0,0,-1
2014-12-13 18:00:00,off,0,0,0,-1
2014-12-13 19:00:00,off,0,0,0,-1
2014-12-13 20:00:00,off,0,0,0,-1
2014-12-13 21:00:00,off,0,0,0,-1
2014-12-13 22:00:00,off,0,0,0,-1
2014-12-13 23:00:00,off,0,0,0,-1
2014-12-14 00:00:00,off,0,0,0,-1
2014-12-14 01:00:00,off,0,0,0,-1
2014-12-14 02:00:00,off,0,0,0,-1
2014-12-14 03:00:00,off,0,0,0,-1
2014-12-14 04:00:00,off,0,0,0,-1
2014-12-14 05:00:00,off,0,0,0,-1
2014-12-14 06:00:00,off,0,0,0,-1
2014-12-14 07:00:00,on,0.0,0.0,0:00:00.000202,7.84
2014-12-14 08:00:00,on,0.0,0.0,0:00:00.000174,7.84
2014-12-14 09:00:00,on,0.0,0.0,0:00:00.000303,7.84
2014-12-14 10:00:00,on,0.0,0.0,0:00:00.000233,7.84
2014-12-14 11:00:00,on,0.0,0.0,0:00:00.000202,7.84
2014-12-14 12:00:00,on,3.6,0.05083322189748282,0:00:00.001028,11.44
2014-12-14 13:00:00,off,0,0,0,-1
2014-12-14 14:00:00,off,0,0,0,-1
2014-12-14 15:00:00,off,0,0,0,-1
2014-12-14 16:00:00,off,0,0,0,-1
2014-12-14 17:00:00,off,0,0,0,-1
2014-12-14 18:00:00,off,0,0,0,-1
2014-12-14 19:00:00,off,0,0,0,-1
2014-12-14 20:00:00,off,0,0,0,-1
2014-12-14 21:00:00,off,0,0,0,-1
2014-12-14 22:00:00,off,0,0,0,-1
2014-12-14 23:00:00,off,0,0,0,-1
2014-12-15 00:00:00,off,0,0,0,-1
2014-12-15 01:00:00,off,0,0,0,-1
2014-12-15 02:00:00,off,0,0,0,-1
2014-12-15 03:00:00,off,0,0,0,-1
2014-12-15 04:00:00,off,0,0,0,-1
2014-12-15 05:00:00,off,0,0,0,-1
2014-12-15 06:00:00,on,0.0,0.0,0:00:00.000220,8.0
2014-12-15 07:00:00,on,0.0,0.0,0:00:00.000270,8.0
2014-12-15 08:00:00,on,0.0,0.0,0:00:00.000178,8.0
2014-12-15 09:00:00,on,0.0,0.0,0:00:00.000191,8.0
2014-12-15 10:00:00,on,0.0,0.0,0:00:00.000197,8.0
2014-12-15 11:00:00,on,0.0,0.0,0:00:00.000280,8.0
2014-12-15 12:00:00,on,0.0,0.0,0:00:00.000846,8.0
2014-12-15 13:00:00,off,0,0,0,-1
2014-12-15 14:00:00,off,0,0,0,-1
2014-12-15 15:00:00,off,0,0,0,-1
2014-12-15 16:00:00,off,0,0,0,-1
2014-12-15 17:00:00,off,0,0,0,-1
2014-12-15 18:00:00,off,0,0,0,-1
2014-12-15 19:00:00,off,0,0,0,-1
2014-12-15 20:00:00,off,0,0,0,-1
2014-12-15 21:00:00,off,0,0,0,-1
2014-12-15 22:00:00,off,0,0,0,-1
2014-12-15 23:00:00,off,0,0,0,-1
2014-12-16 00:00:00,off,0,0,0,-1
2014-12-16 01:00:00,off,0,0,0,-1
2014-12-16 02:00:00,off,0,0,0,-1
2014-12-16 03:00:00,off,0,0,0,-1
2014-12-16 04:00:00,off,0,0,0,-1
2014-12-16 05:00:00,off,0,0,0,-1
2014-12-16 06:00:00,off,0,0,0,-1
2014-12-16 07:00:00,on,0.0,0.0,0:00:00.000272,6.24
2014-12-16 08:00:00,on,0.0,0.0,0:00:00.000177,6.24
2014-12-16 09:00:00,on,0.0,0.0,0:00:00.000176,6.24
2014-12-16 10:00:00,on,0.0,0.0,0:00:00.000188,6.24
2014-12-16 11:00:00,on,0.0,0.0,0:00:00.000201,6.24
2014-12-16 12:00:00,on,3.6,0.05207218118011944,0:00:00.000212,9.84
2014-12-16 13:00:00,off,0,0,0,-1
2014-12-16 14:00:00,off,0,0,0,-1
2014-12-16 15:00:00,off,0,0,0,-1
2014-12-16 16:00:00,off,0,0,0,-1
2014-12-16 17:00:00,off,0,0,0,-1
2014-12-16 18:00:00,off,0,0,0,-1
2014-12-16 19:00:00,off,0,0,0,-1
2014-12-16 20:00:00,off,0,0,0,-1
2014-12-16 21:00:00,off,0,0,0,-1
2014-12-16 22:00:00,off,0,0,0,-1
2014-12-16 23:00:00,off,0,0,0,-1
2014-12-17 00:00:00,off,0,0,0,-1
2014-12-17 01:00:00,off,0,0,0,-1
2014-12-17 02:00:00,off,0,0,0,-1
2014-12-17 03:00:00,off,0,0,0,-1
2014-12-17 04:00:00,off,0,0,0,-1
2014-12-17 05:00:00,off,0,0,0,-1
2014-12-17 06:00:00,off,0,0,0,-1
2014-12-17 07:00:00,off,0,0,0,-1
2014-12-17 08:00:00,off,0,0,0,-1
2014-12-17 09:00:00,off,0,0,0,-1
2014-12-17 10:00:00,off,0,0,0,-1
2014-12-17 11:00:00,off,0,0,0,-1
2014-12-17 12:00:00,off,0,0,0,-1
2014-12-17 13:00:00,off,0,0,0,-1
2014-12-17 14:00:00,off,0,0,0,-1
2014-12-17 15:00:00,off,0,0,0,-1
2014-12-17 16:00:00,off,0,0,0,-1
2014-12-17 17:00:00,off,0,0,0,-1
2014-12-17 18:00:00,off,0,0,0,-1
2014-12-17 19:00:00,off,0,0,0,-1
2014-12-17 20:00:00,off,0,0,0,-1
2014-12-17 21:00:00,off,0,0,0,-1
2014-12-17 22:00:00,off,0,0,0,-1
2014-12-17 23:00:00,off,0,0,0,-1
2014-12-18 00:00:00,off,0,0,0,-1
2014-12-18 01:00:00,off,0,0,0,-1
2014-12-18 02:00:00,off,0,0,0,-1
2014-12-18 03:00:00,off,0,0,0,-1
2014-12-18 04:00:00,off,0,0,0,-1
2014-12-18 05:00:00,off,0,0,0,-1
2014-12-18 06:00:00,off,0,0,0,-1
2014-12-18 07:00:00,off,0,0,0,-1
2014-12-18 08:00:00,off,0,0,0,-1
2014-12-18 09:00:00,off,0,0,0,-1
2014-12-18 10:00:00,off,0,0,0,-1
2014-12-18 11:00:00,off,0,0,0,-1
2014-12-18 12:00:00,off,0,0,0,-1
2014-12-18 13:00:00,off,0,0,0,-1
2014-12-18 14:00:00,off,0,0,0,-1
2014-12-18 15:00:00,off,0,0,0,-1
2014-12-18 16:00:00,off,0,0,0,-1
2014-12-18 17:00:00,off,0,0,0,-1
2014-12-18 18:00:00,off,0,0,0,-1
2014-12-18 19:00:00,off,0,0,0,-1
2014-12-18 20:00:00,off,0,0,0,-1
2014-12-18 21:00:00,off,0,0,0,-1
2014-12-18 22:00:00,off,0,0,0,-1
2014-12-18 23:00:00,off,0,0,0,-1
2014-12-19 00:00:00,off,0,0,0,-1
2014-12-19 01:00:00,off,0,0,0,-1
2014-12-19 02:00:00,off,0,0,0,-1
2014-12-19 03:00:00,off,0,0,0,-1
2014-12-19 04:00:00,off,0,0,0,-1
2014-12-19 05:00:00,off,0,0,0,-1
2014-12-19 06:00:00,on,0.0,0.0,0:00:00.000173,6.24
2014-12-19 07:00:00,on,0.0,0.0,0:00:00.000235,6.24
2014-12-19 08:00:00,on,0.0,0.0,0:00:00.000271,6.24
2014-12-19 09:00:00,on,0.0,0.0,0:00:00.000232,6.24
2014-12-19 10:00:00,on,0.0,0.0,0:00:00.000167,6.24
2014-12-19 11:00:00,on,0.0,0.0,0:00:00.000177,6.24
2014-12-19 12:00:00,on,3.6,0.0148598302155732,0:00:00.000166,9.84
2014-12-19 13:00:00,off,0,0,0,-1
2014-12-19 14:00:00,off,0,0,0,-1
2014-12-19 15:00:00,off,0,0,0,-1
2014-12-19 16:00:00,off,0,0,0,-1
2014-12-19 17:00:00,off,0,0,0,-1
2014-12-19 18:00:00,off,0,0,0,-1
2014-12-19 19:00:00,off,0,0,0,-1
2014-12-19 20:00:00,off,0,0,0,-1
2014-12-19 21:00:00,off,0,0,0,-1
2014-12-19 22:00:00,off,0,0,0,-1
2014-12-19 23:00:00,off,0,0,0,-1
2014-12-20 00:00:00,off,0,0,0,-1
2014-12-20 01:00:00,off,0,0,0,-1
2014-12-20 02:00:00,off,0,0,0,-1
2014-12-20 03:00:00,off,0,0,0,-1
2014-12-20 04:00:00,off,0,0,0,-1
2014-12-20 05:00:00,off,0,0,0,-1
2014-12-20 06:00:00,off,0,0,0,-1
2014-12-20 07:00:00,off,0,0,0,-1
2014-12-20 08:00:00,off,0,0,0,-1
2014-12-20 09:00:00,off,0,0,0,-1
2014-12-20 10:00:00,off,0,0,0,-1
2014-12-20 11:00:00,off,0,0,0,-1
2014-12-20 12:00:00,off,0,0,0,-1
2014-12-20 13:00:00,off,0,0,0,-1
2014-12-20 14:00:00,off,0,0,0,-1
2014-12-20 15:00:00,off,0,0,0,-1
2014-12-20 16:00:00,off,0,0,0,-1
2014-12-20 17:00:00,off,0,0,0,-1
2014-12-20 18:00:00,off,0,0,0,-1
2014-12-20 19:00:00,off,0,0,0,-1
2014-12-20 20:00:00,off,0,0,0,-1
2014-12-20 21:00:00,off,0,0,0,-1
2014-12-20 22:00:00,off,0,0,0,-1
2014-12-20 23:00:00,off,0,0,0,-1
2014-12-21 00:00:00,off,0,0,0,-1
2014-12-21 01:00:00,off,0,0,0,-1
2014-12-21 02:00:00,off,0,0,0,-1
2014-12-21 03:00:00,off,0,0,0,-1
2014-12-21 04:00:00,off,0,0,0,-1
2014-12-21 05:00:00,off,0,0,0,-1
2014-12-21 06:00:00,off,0,0,0,-1
2014-12-21 07:00:00,off,0,0,0,-1
2014-12-21 08:00:00,off,0,0,0,-1
2014-12-21 09:00:00,off,0,0,0,-1
2014-12-21 10:00:00,off,0,0,0,-1
2014-12-21 11:00:00,off,0,0,0,-1
2014-12-21 12:00:00,off,0,0,0,-1
2014-12-21 13:00:00,off,0,0,0,-1
2014-12-21 14:00:00,off,0,0,0,-1
2014-12-21 15:00:00,off,0,0,0,-1
2014-12-21 16:00:00,off,0,0,0,-1
2014-12-21 17:00:00,off,0,0,0,-1
2014-12-21 18:00:00,off,0,0,0,-1
2014-12-21 19:00:00,off,0,0,0,-1
2014-12-21 20:00:00,off,0,0,0,-1
2014-12-21 21:00:00,off,0,0,0,-1
2014-12-21 22:00:00,off,0,0,0,-1
2014-12-21 23:00:00,off,0,0,0,-1
2014-12-22 00:00:00,off,0,0,0,-1
2014-12-22 01:00:00,off,0,0,0,-1
2014-12-22 02:00:00,off,0,0,0,-1
2014-12-22 03:00:00,off,0,0,0,-1
2014-12-22 04:00:00,off,0,0,0,-1
2014-12-22 05:00:00,off,0,0,0,-1
2014-12-22 06:00:00,off,0,0,0,-1
2014-12-22 07:00:00,on,0.0,0.0,0:00:00.000183,4.16
2014-12-22 08:00:00,on,0.0,0.0,0:00:00.000307,4.16
2014-12-22 09:00:00,on,0.0,0.0,0:00:00.000213,4.16
2014-12-22 10:00:00,on,0.0,0.0,0:00:00.000210,4.16
2014-12-22 11:00:00,on,0.0,0.0,0:00:00.000177,4.16
2014-12-22 12:00:00,on,3.6,-0.00063404047396026,0:00:00.000179,7.76
2014-12-22 13:00:00,on,3.6,-0.007925107050687061,0:00:00.000220,11.36
2014-12-22 14:00:00,on,3.6,-0.005840796371921819,0:00:00.000211,14.959999999999999
2014-12-22 15:00:00,off,0,0,0,-1
2014-12-22 16:00:00,off,0,0,0,-1
2014-12-22 17:00:00,off,0,0,0,-1
2014-12-22 18:00:00,off,0,0,0,-1
2014-12-22 19:00:00,off,0,0,0,-1
2014-12-22 20:00:00,off,0,0,0,-1
2014-12-22 21:00:00,off,0,0,0,-1
2014-12-22 22:00:00,off,0,0,0,-1
2014-12-22 23:00:00,off,0,0,0,-1
2014-12-23 00:00:00,off,0,0,0,-1
2014-12-23 01:00:00,off,0,0,0,-1
2014-12-23 02:00:00,off,0,0,0,-1
2014-12-23 03:00:00,off,0,0,0,-1
2014-12-23 04:00:00,off,0,0,0,-1
2014-12-23 05:00:00,off,0,0,0,-1
2014-12-23 06:00:00,off,0,0,0,-1
2014-12-23 07:00:00,off,0,0,0,-1
2014-12-23 08:00:00,off,0,0,0,-1
2014-12-23 09:00:00,off,0,0,0,-1
2014-12-23 10:00:00,off,0,0,0,-1
2014-12-23 11:00:00,off,0,0,0,-1
2014-12-23 12:00:00,off,0,0,0,-1
2014-12-23 13:00:00,off,0,0,0,-1
2014-12-23 14:00:00,off,0,0,0,-1
2014-12-23 15:00:00,off,0,0,0,-1
2014-12-23 16:00:00,off,0,0,0,-1
2014-12-23 17:00:00,off,0,0,0,-1
2014-12-23 18:00:00,off,0,0,0,-1
2014-12-23 19:00:00,off,0,0,0,-1
2014-12-23 20:00:00,off,0,0,0,-1
2014-12-23 21:00:00,off,0,0,0,-1
2014-12-23 22:00:00,off,0,0,0,-1
2014-12-23 23:00:00,off,0,0,0,-1
2014-12-24 00:00:00,off,0,0,0,-1
2014-12-24 01:00:00,off,0,0,0,-1
2014-12-24 02:00:00,off,0,0,0,-1
2014-12-24 03:00:00,off,0,0,0,-1
2014-12-24 04:00:00,off,0,0,0,-1
2014-12-24 05:00:00,off,0,0,0,-1
2014-12-24 06:00:00,off,0,0,0,-1
2014-12-24 07:00:00,off,0,0,0,-1
2014-12-24 08:00:00,off,0,0,0,-1
2014-12-24 09:00:00,off,0,0,0,-1
2014-12-24 10:00:00,off,0,0,0,-1
2014-12-24 11:00:00,off,0,0,0,-1
2014-12-24 12:00:00,off,0,0,0,-1
2014-12-24 13:00:00,off,0,0,0,-1
2014-12-24 14:00:00,off,0,0,0,-1
2014-12-24 15:00:00,off,0,0,0,-1
2014-12-24 16:00:00,off,0,0,0,-1
2014-12-24 17:00:00,off,0,0,0,-1
2014-12-24 18:00:00,off,0,0,0,-1
2014-12-24 19:00:00,off,0,0,0,-1
2014-12-24 20:00:00,off,0,0,0,-1
2014-12-24 21:00:00,off,0,0,0,-1
2014-12-24 22:00:00,off,0,0,0,-1
2014-12-24 23:00:00,off,0,0,0,-1
2014-12-25 00:00:00,off,0,0,0,-1
2014-12-25 01:00:00,off,0,0,0,-1
2014-12-25 02:00:00,off,0,0,0,-1
2014-12-25 03:00:00,off,0,0,0,-1
2014-12-25 04:00:00,off,0,0,0,-1
2014-12-25 05:00:00,off,0,0,0,-1
2014-12-25 06:00:00,off,0,0,0,-1
2014-12-25 07:00:00,off,0,0,0,-1
2014-12-25 08:00:00,off,0,0,0,-1
2014-12-25 09:00:00,off,0,0,0,-1
2014-12-25 10:00:00,off,0,0,0,-1
2014-12-25 11:00:00,off,0,0,0,-1
2014-12-25 12:00:00,on,3.6,0.05175510719418522,0:00:00.000180,8.72
2014-12-25 13:00:00,on,3.6,0.04937646053731428,0:00:00.000256,12.32
2014-12-25 14:00:00,off,0,0,0,-1
2014-12-25 15:00:00,off,0,0,0,-1
2014-12-25 16:00:00,off,0,0,0,-1
2014-12-25 17:00:00,off,0,0,0,-1
2014-12-25 18:00:00,off,0,0,0,-1
2014-12-25 19:00:00,off,0,0,0,-1
2014-12-25 20:00:00,off,0,0,0,-1
2014-12-25 21:00:00,off,0,0,0,-1
2014-12-25 22:00:00,off,0,0,0,-1
2014-12-25 23:00:00,off,0,0,0,-1
2014-12-26 00:00:00,off,0,0,0,-1
2014-12-26 01:00:00,off,0,0,0,-1
2014-12-26 02:00:00,off,0,0,0,-1
2014-12-26 03:00:00,off,0,0,0,-1
2014-12-26 04:00:00,off,0,0,0,-1
2014-12-26 05:00:00,off,0,0,0,-1
2014-12-26 06:00:00,off,0,0,0,-1
2014-12-26 07:00:00,on,0.0,0.0,0:00:00.000207,5.44
2014-12-26 08:00:00,on,0.0,0.0,0:00:00.000188,5.44
2014-12-26 09:00:00,on,0.0,0.0,0:00:00.000173,5.44
2014-12-26 10:00:00,on,0.0,0.0,0:00:00.000189,5.44
2014-12-26 11:00:00,on,0.0,0.0,0:00:00.000160,5.44
2014-12-26 12:00:00,on,0.0,0.0,0:00:00.000179,5.44
2014-12-26 13:00:00,on,0.0,0.0,0:00:00.000186,5.44
2014-12-26 14:00:00,off,0,0,0,-1
2014-12-26 15:00:00,off,0,0,0,-1
2014-12-26 16:00:00,off,0,0,0,-1
2014-12-26 17:00:00,off,0,0,0,-1
2014-12-26 18:00:00,off,0,0,0,-1
2014-12-26 19:00:00,off,0,0,0,-1
2014-12-26 20:00:00,off,0,0,0,-1
2014-12-26 21:00:00,off,0,0,0,-1
2014-12-26 22:00:00,off,0,0,0,-1
2014-12-26 23:00:00,off,0,0,0,-1
2014-12-27 00:00:00,off,0,0,0,-1
2014-12-27 01:00:00,off,0,0,0,-1
2014-12-27 02:00:00,off,0,0,0,-1
2014-12-27 03:00:00,off,0,0,0,-1
2014-12-27 04:00:00,off,0,0,0,-1
2014-12-27 05:00:00,off,0,0,0,-1
2014-12-27 06:00:00,off,0,0,0,-1
2014-12-27 07:00:00,on,0.0,0.0,0:00:00.000315,6.08
2014-12-27 08:00:00,on,0.0,0.0,0:00:00.000245,6.08
2014-12-27 09:00:00,on,0.0,0.0,0:00:00.000421,6.08
2014-12-27 10:00:00,on,0.0,0.0,0:00:00.000457,6.08
2014-12-27 11:00:00,on,0.0,0.0,0:00:00.000192,6.08
2014-12-27 12:00:00,on,0.0,0.0,0:00:00.000206,6.08
2014-12-27 13:00:00,on,2.7200000000000006,0.03966644898056974,0:00:00.000249,8.8
2014-12-27 14:00:00,off,0,0,0,-1
2014-12-27 15:00:00,off,0,0,0,-1
2014-12-27 16:00:00,off,0,0,0,-1
2014-12-27 17:00:00,off,0,0,0,-1
2014-12-27 18:00:00,off,0,0,0,-1
2014-12-27 19:00:00,off,0,0,0,-1
2014-12-27 20:00:00,off,0,0,0,-1
2014-12-27 21:00:00,off,0,0,0,-1
2014-12-27 22:00:00,off,0,0,0,-1
2014-12-27 23:00:00,off,0,0,0,-1
2014-12-28 00:00:00,off,0,0,0,-1
2014-12-28 01:00:00,off,0,0,0,-1
2014-12-28 02:00:00,off,0,0,0,-1
2014-12-28 03:00:00,off,0,0,0,-1
2014-12-28 04:00:00,off,0,0,0,-1
2014-12-28 05:00:00,off,0,0,0,-1
2014-12-28 06:00:00,off,0,0,0,-1
2014-12-28 07:00:00,on,0.0,0.0,0:00:00.000179,6.56
2014-12-28 08:00:00,on,0.0,0.0,0:00:00.000204,6.56
2014-12-28 09:00:00,on,0.0,0.0,0:00:00.000190,6.56
2014-12-28 10:00:00,on,0.0,0.0,0:00:00.000206,6.56
2014-12-28 11:00:00,on,0.0,0.0,0:00:00.000311,6.56
2014-12-28 12:00:00,on,0.0,0.0,0:00:00.000276,6.56
2014-12-28 13:00:00,off,0,0,0,-1
2014-12-28 14:00:00,off,0,0,0,-1
2014-12-28 15:00:00,off,0,0,0,-1
2014-12-28 16:00:00,off,0,0,0,-1
2014-12-28 17:00:00,off,0,0,0,-1
2014-12-28 18:00:00,off,0,0,0,-1
2014-12-28 19:00:00,off,0,0,0,-1
2014-12-28 20:00:00,off,0,0,0,-1
2014-12-28 21:00:00,off,0,0,0,-1
2014-12-28 22:00:00,off,0,0,0,-1
2014-12-28 23:00:00,off,0,0,0,-1
2014-12-29 00:00:00,off,0,0,0,-1
2014-12-29 01:00:00,off,0,0,0,-1
2014-12-29 02:00:00,off,0,0,0,-1
2014-12-29 03:00:00,off,0,0,0,-1
2014-12-29 04:00:00,off,0,0,0,-1
2014-12-29 05:00:00,off,0,0,0,-1
2014-12-29 06:00:00,off,0,0,0,-1
2014-12-29 07:00:00,on,0.0,0.0,0:00:00.000423,6.4
2014-12-29 08:00:00,on,0.0,0.0,0:00:00.000139,6.4
2014-12-29 09:00:00,on,0.0,0.0,0:00:00.000149,6.4
2014-12-29 10:00:00,on,0.0,0.0,0:00:00.000456,6.4
2014-12-29 11:00:00,on,0.0,0.0,0:00:00.000215,6.4
2014-12-29 12:00:00,on,0.0,0.0,0:00:00.000191,6.4
2014-12-29 13:00:00,off,0,0,0,-1
2014-12-29 14:00:00,off,0,0,0,-1
2014-12-29 15:00:00,off,0,0,0,-1
2014-12-29 16:00:00,off,0,0,0,-1
2014-12-29 17:00:00,off,0,0,0,-1
2014-12-29 18:00:00,off,0,0,0,-1
2014-12-29 19:00:00,off,0,0,0,-1
2014-12-29 20:00:00,off,0,0,0,-1
2014-12-29 21:00:00,off,0,0,0,-1
2014-12-29 22:00:00,off,0,0,0,-1
2014-12-29 23:00:00,off,0,0,0,-1
2014-12-30 00:00:00,off,0,0,0,-1
2014-12-30 01:00:00,off,0,0,0,-1
2014-12-30 02:00:00,off,0,0,0,-1
2014-12-30 03:00:00,off,0,0,0,-1
2014-12-30 04:00:00,off,0,0,0,-1
2014-12-30 05:00:00,off,0,0,0,-1
2014-12-30 06:00:00,off,0,0,0,-1
2014-12-30 07:00:00,off,0,0,0,-1
2014-12-30 08:00:00,off,0,0,0,-1
2014-12-30 09:00:00,off,0,0,0,-1
2014-12-30 10:00:00,off,0,0,0,-1
2014-12-30 11:00:00,off,0,0,0,-1
2014-12-30 12:00:00,off,0,0,0,-1
2014-12-30 13:00:00,off,0,0,0,-1
2014-12-30 14:00:00,off,0,0,0,-1
2014-12-30 15:00:00,off,0,0,0,-1
2014-12-30 16:00:00,off,0,0,0,-1
2014-12-30 17:00:00,off,0,0,0,-1
2014-12-30 18:00:00,off,0,0,0,-1
2014-12-30 19:00:00,off,0,0,0,-1
2014-12-30 20:00:00,off,0,0,0,-1
2014-12-30 21:00:00,off,0,0,0,-1
2014-12-30 22:00:00,off,0,0,0,-1
2014-12-30 23:00:00,off,0,0,0,-1
2014-12-31 00:00:00,off,0,0,0,-1
2014-12-31 01:00:00,off,0,0,0,-1
2014-12-31 02:00:00,off,0,0,0,-1
2014-12-31 03:00:00,off,0,0,0,-1
2014-12-31 04:00:00,off,0,0,0,-1
2014-12-31 05:00:00,off,0,0,0,-1
2014-12-31 06:00:00,off,0,0,0,-1
2014-12-31 07:00:00,off,0,0,0,-1
2014-12-31 08:00:00,off,0,0,0,-1
2014-12-31 09:00:00,off,0,0,0,-1
2014-12-31 10:00:00,off,0,0,0,-1
2014-12-31 11:00:00,off,0,0,0,-1
2014-12-31 12:00:00,off,0,0,0,-1
2014-12-31 13:00:00,off,0,0,0,-1
2014-12-31 14:00:00,off,0,0,0,-1
2014-12-31 15:00:00,off,0,0,0,-1
2014-12-31 16:00:00,off,0,0,0,-1
2014-12-31 17:00:00,off,0,0,0,-1
2014-12-31 18:00:00,off,0,0,0,-1
2014-12-31 19:00:00,off,0,0,0,-1
2014-12-31 20:00:00,off,0,0,0,-1
2014-12-31 21:00:00,off,0,0,0,-1
2014-12-31 22:00:00,off,0,0,0,-1
