MCP,Date
0.01515,1
0.01296,2
0.01209,3
0.0117,4
0.01166,5
0.01135,6
0.00985,7
0.02051,8
0.02697,9
0.02654,10
0.02759,11
0.02843,12
0.02868,13
0.02882,14
0.02906,15
0.02939,16
0.03139,17
0.03288,18
0.03222,19
0.03063,20
0.02934,21
0.02919,22
0.02872,23
0.0159,24
0.00766,25
0.00702,26
0.00192,27
-5E-05,28
6E-05,29
0.00706,30
0.02933,31
0.02986,32
0.03044,33
0.03063,34
0.03086,35
0.03104,36
0.03097,37
0.03104,38
0.03111,39
0.03141,40
0.03198,41
0.03227,42
0.03192,43
0.03145,44
0.03094,45
0.03078,46
0.03042,47
0.02991,48
0.02808,49
0.02561,50
0.01902,51
0.01315,52
0.01601,53
0.02777,54
0.02914,55
0.03078,56
0.03119,57
0.03118,58
0.03095,59
0.03091,60
0.03074,61
0.03063,62
0.03046,63
0.03043,64
0.03084,65
0.03102,66
0.03078,67
0.03033,68
0.02966,69
0.02872,70
0.0261,71
0.01167,72
0.01007,73
0.00984,74
0.00793,75
0.00523,76
0.00518,77
0.00896,78
0.00872,79
0.01798,80
0.02785,81
0.02871,82
0.02891,83
0.02907,84
0.0292,85
0.0292,86
0.02935,87
0.02968,88
0.03031,89
0.03066,90
0.03045,91
0.02993,92
0.02881,93
0.02856,94
0.02831,95
0.02224,96
0.01992,97
0.01473,98
0.01335,99
0.01096,100
0.02537,101
0.0271,102
0.02772,103
0.02803,104
0.02815,105
0.02854,106
0.02993,107
0.0325,108
0.03171,109
0.03006,110
0.02931,111
0.0297,112
0.03134,113
0.03408,114
0.03239,115
0.03144,116
0.03054,117
0.0294,118
0.02881,119
0.02208,120
0.01384,121
0.01189,122
0.00985,123
0.00509,124
0.00398,125
0.02703,126
0.02827,127
0.02837,128
0.0286,129
0.02871,130
0.0288,131
0.02881,132
0.0288,133
0.02886,134
0.02883,135
0.02900,136
0.03019,137
0.03065,138
0.03022,139
0.02948,140
0.02900,141
0.02834,142
0.02602,143
0.01155,144
0.00926,145
0.00759,146
7E-05,147
8E-05,148
0.00205,149
0.00652,150
0.02847,151
0.03004,152
0.03085,153
0.03017,154
0.02999,155
0.03017,156
0.02983,157
0.03001,158
0.03005,159
0.03027,160
0.03093,161
0.03104,162
0.03043,163
0.02982,164
0.02939,165
0.02859,166
0.02814,167
0.02006,168
0.02201,169
0.01461,170
0.01267,171
0.01134,172
0.01137,173
0.02339,174
0.02933,175
0.03053,176
0.03095,177
0.03081,178
0.03053,179
0.0305,180
0.03013,181
0.0303,182
0.03047,183
0.03059,184
0.03093,185
0.03134,186
0.03084,187
0.03028,188
0.02972,189
0.02941,190
0.02891,191
0.02849,192
0.02718,193
0.0265,194
0.02483,195
0.02666,196
0.02718,197
0.02814,198
0.02998,199
0.0315,200
0.0324,201
0.03225,202
0.03231,203
0.03196,204
0.0304,205
0.03029,206
0.02986,207
0.03011,208
0.03057,209
0.0312,210
0.03059,211
0.02997,212
0.02929,213
0.02855,214
0.02823,215
0.00826,216
0.0083,217
0.00899,218
0.00774,219
0.00891,220
0.00823,221
0.01198,222
0.02957,223
0.03132,224
0.03213,225
0.03123,226
0.0308,227
0.03063,228
0.03017,229
0.03023,230
0.03058,231
0.03137,232
0.03197,233
0.03258,234
0.03200,235
0.03132,236
0.03082,237
0.03023,238
0.02985,239
0.02928,240
0.02922,241
0.02817,242
0.02721,243
0.02709,244
0.02676,245
0.02791,246
0.02801,247
0.02959,248
0.02997,249
0.0303,250
0.03062,251
0.03075,252
0.03059,253
0.03059,254
0.03037,255
0.0305,256
0.03078,257
0.03238,258
0.03125,259
0.03146,260
0.03008,261
0.02946,262
0.01593,263
0.01112,264
0.00181,265
0.00214,266
4E-05,267
0.00011,268
0.00678,269
0.00673,270
0.0009,271
0.00898,272
0.01177,273
0.01301,274
0.01348,275
0.01991,276
0.02141,277
0.02974,278
0.02983,279
0.03007,280
0.03172,281
0.03905,282
0.03873,283
0.03786,284
0.03516,285
0.03285,286
0.03304,287
0.03139,288
0.03014,289
0.02928,290
0.02875,291
0.0285,292
0.02899,293
0.02963,294
0.03306,295
0.04223,296
0.04792,297
0.03992,298
0.0373,299
0.03994,300
0.03988,301
0.0418,302
0.04229,303
0.04423,304
0.05654,305
0.0629,306
0.06169,307
0.05301,308
0.03952,309
0.03909,310
0.03512,311
0.03234,312
0.03039,313
0.02965,314
0.02956,315
0.02915,316
0.02937,317
0.03034,318
0.03594,319
0.06009,320
0.06594,321
0.06606,322
0.06695,323
0.06589,324
0.05857,325
0.05501,326
0.05254,327
0.05186,328
0.05588,329
0.07068,330
0.06800,331
0.05078,332
0.03864,333
0.03487,334
0.03261,335
0.03100,336
0.03155,337
0.03065,338
0.02992,339
0.02963,340
0.02954,341
0.03065,342
0.03768,343
0.05433,344
0.06265,345
0.05668,346
0.05039,347
0.04312,348
0.04148,349
0.04217,350
0.0443,351
0.04583,352
0.05085,353
0.05513,354
0.04175,355
0.03753,356
0.03492,357
0.03342,358
0.03175,359
0.03007,360
0.03005,361
0.02893,362
0.0256,363
0.02142,364
0.02554,365
0.02973,366
0.03208,367
0.03351,368
0.03414,369
0.03368,370
0.03336,371
0.03306,372
0.03292,373
0.03284,374
0.03283,375
0.03281,376
0.03342,377
0.03378,378
0.03287,379
0.0326,380
0.03224,381
0.03143,382
0.03091,383
0.02998,384
0.02953,385
0.02817,386
0.01958,387
0.02043,388
0.02754,389
0.03013,390
0.03278,391
0.0344,392
0.03649,393
0.03578,394
0.03489,395
0.03461,396
0.03396,397
0.03363,398
0.03329,399
0.0332,400
0.03377,401
0.03424,402
0.03345,403
0.03272,404
0.03222,405
0.03164,406
0.03139,407
0.03044,408
0.0305,409
0.02979,410
0.02858,411
0.02679,412
0.02857,413
0.02837,414
0.02855,415
0.03025,416
0.03097,417
0.03139,418
0.03184,419
0.03166,420
0.03128,421
0.03089,422
0.03068,423
0.03088,424
0.03206,425
0.0324,426
0.03235,427
0.03194,428
0.03081,429
0.03047,430
0.03018,431
0.01907,432
0.01588,433
0.01004,434
0.01006,435
0.00948,436
0.01001,437
0.00949,438
0.00852,439
0.00966,440
0.03044,441
0.03049,442
0.03076,443
0.0309,444
0.03078,445
0.03067,446
0.0306,447
0.03064,448
0.03112,449
0.03248,450
0.03247,451
0.03214,452
0.03148,453
0.0312,454
0.03082,455
0.03031,456
0.03001,457
0.02527,458
0.02072,459
0.01395,460
0.01314,461
0.03015,462
0.03191,463
0.03307,464
0.03422,465
0.0342,466
0.03381,467
0.0336,468
0.0334,469
0.0333,470
0.03329,471
0.0336,472
0.0354,473
0.03774,474
0.03544,475
0.03384,476
0.03298,477
0.03241,478
0.03197,479
0.03091,480
0.03145,481
0.03112,482
0.03065,483
0.03029,484
0.03064,485
0.03215,486
0.03357,487
0.04431,488
0.06146,489
0.05579,490
0.05203,491
0.0504,492
0.04498,493
0.04164,494
0.05008,495
0.04959,496
0.05279,497
0.06023,498
0.05514,499
0.04093,500
0.03597,501
0.03418,502
0.03286,503
0.03147,504
0.03194,505
0.0315,506
0.03113,507
0.03102,508
0.03113,509
0.03265,510
0.03447,511
0.05426,512
0.06489,513
0.05251,514
0.04721,515
0.04473,516
0.04141,517
0.04047,518
0.04201,519
0.04483,520
0.06015,521
0.06987,522
0.05015,523
0.04528,524
0.03784,525
0.03573,526
0.03298,527
0.03172,528
0.03206,529
0.03155,530
0.03119,531
0.0311,532
0.03178,533
0.03255,534
0.03415,535
0.04734,536
0.05451,537
0.05128,538
0.0449,539
0.04291,540
0.03987,541
0.03795,542
0.03789,543
0.03978,544
0.04507,545
0.05334,546
0.04154,547
0.0363,548
0.03486,549
0.03422,550
0.03321,551
0.03188,552
0.03208,553
0.03158,554
0.03033,555
0.02999,556
0.0311,557
0.03217,558
0.0352,559
0.04623,560
0.06100,561
0.05771,562
0.04972,563
0.04623,564
0.04288,565
0.03908,566
0.03691,567
0.03614,568
0.03908,569
0.04700,570
0.04067,571
0.03598,572
0.03439,573
0.03372,574
0.03316,575
0.03251,576
0.03264,577
0.03205,578
0.0311,579
0.03067,580
0.03056,581
0.03066,582
0.03094,583
0.03158,584
0.0324,585
0.03316,586
0.03348,587
0.03346,588
0.03325,589
0.03306,590
0.03266,591
0.03269,592
0.03328,593
0.03396,594
0.03372,595
0.03326,596
0.03257,597
0.03192,598
0.03204,599
0.03148,600
0.03056,601
0.01914,602
0.01485,603
0.01314,604
0.01439,605
0.01598,606
0.01432,607
0.0308,608
0.03129,609
0.03202,610
0.03289,611
0.03307,612
0.03298,613
0.03211,614
0.03189,615
0.03217,616
0.03314,617
0.03418,618
0.03385,619
0.0332,620
0.03264,621
0.03199,622
0.03132,623
0.03066,624
0.01263,625
0.01203,626
0.01281,627
0.00998,628
0.0098,629
0.01309,630
0.03205,631
0.03393,632
0.0344,633
0.03412,634
0.03399,635
0.03399,636
0.03394,637
0.0339,638
0.03388,639
0.03392,640
0.03427,641
0.03517,642
0.03474,643
0.03400,644
0.03333,645
0.03311,646
0.03208,647
0.03094,648
0.03125,649
0.03104,650
0.03028,651
0.02957,652
0.03016,653
0.03121,654
0.0331,655
0.03462,656
0.03497,657
0.03455,658
0.03454,659
0.03442,660
0.03404,661
0.03399,662
0.03385,663
0.03376,664
0.03396,665
0.03468,666
0.03399,667
0.0337,668
0.0333,669
0.0329,670
0.0323,671
0.03129,672
0.03109,673
0.03054,674
0.02963,675
0.02898,676
0.02955,677
0.03107,678
0.03315,679
0.03486,680
0.03614,681
0.03545,682
0.03513,683
0.03481,684
0.03411,685
0.03396,686
0.03396,687
0.03403,688
0.03507,689
0.03735,690
0.03605,691
0.03445,692
0.03388,693
0.03317,694
0.03254,695
0.03147,696
0.03111,697
0.03049,698
0.02911,699
0.0292,700
0.03032,701
0.03158,702
0.0333,703
0.03507,704
0.03576,705
0.03536,706
0.03553,707
0.03564,708
0.03527,709
0.03511,710
0.03500,711
0.0348,712
0.03547,713
0.04353,714
0.03659,715
0.03502,716
0.03412,717
0.03372,718
0.03308,719
0.03253,720
0.03224,721
0.03163,722
0.03111,723
0.03112,724
0.03172,725
0.03188,726
0.03372,727
0.03583,728
0.04111,729
0.0381,730
0.03767,731
0.03627,732
0.03725,733
0.0355,734
0.03511,735
0.03455,736
0.03538,737
0.04652,738
0.03967,739
0.03477,740
0.03385,741
0.03346,742
0.03264,743
0.03167,744
0.0307,745
0.02894,746
0.02467,747
0.02087,748
0.02018,749
0.02071,750
0.01757,751
0.02088,752
0.03117,753
0.03132,754
0.0315,755
0.03164,756
0.03147,757
0.0313,758
0.03137,759
0.03201,760
0.03248,761
0.03397,762
0.03378,763
0.03236,764
0.03147,765
0.03149,766
0.03122,767
0.0301,768
0.02473,769
0.02007,770
0.01391,771
0.01274,772
0.01318,773
0.01407,774
0.01256,775
0.01259,776
0.02958,777
0.03052,778
0.03126,779
0.03151,780
0.03172,781
0.03108,782
0.0308,783
0.03103,784
0.03216,785
0.03424,786
0.03415,787
0.03344,788
0.03184,789
0.03178,790
0.03145,791
0.03038,792
0.0303,793
0.03016,794
0.03,795
0.03038,796
0.03078,797
0.03143,798
0.0325,799
0.05008,800
0.06206,801
0.06588,802
0.05581,803
0.05332,804
0.05163,805
0.04608,806
0.03407,807
0.03393,808
0.03398,809
0.03453,810
0.03388,811
0.03289,812
0.03239,813
0.03198,814
0.0313,815
0.02987,816
0.02959,817
0.02944,818
0.02842,819
0.02888,820
0.02997,821
0.03056,822
0.03159,823
0.03268,824
0.03317,825
0.03304,826
0.03331,827
0.03337,828
0.03314,829
0.0331,830
0.03302,831
0.0328,832
0.03306,833
0.05177,834
0.05409,835
0.03342,836
0.03251,837
0.03204,838
0.03158,839
0.0313,840
0.03053,841
0.02998,842
0.02899,843
0.02752,844
0.02805,845
0.02983,846
0.03176,847
0.04197,848
0.04621,849
0.03418,850
0.03254,851
0.03237,852
0.03236,853
0.03239,854
0.03224,855
0.0322,856
0.03237,857
0.04969,858
0.03277,859
0.03231,860
0.03191,861
0.03143,862
0.03106,863
0.02958,864
0.02572,865
0.02094,866
0.02403,867
0.02196,868
0.02707,869
0.02965,870
0.03151,871
0.03321,872
0.03300,873
0.03283,874
0.03267,875
0.03224,876
0.03178,877
0.03189,878
0.0322,879
0.03235,880
0.03259,881
0.03338,882
0.03285,883
0.03244,884
0.03212,885
0.0315,886
0.03082,887
0.0285,888
0.02364,889
0.01951,890
0.01466,891
0.01218,892
0.0128,893
0.01542,894
0.03068,895
0.03214,896
0.03234,897
0.0323,898
0.03218,899
0.0319,900
0.03171,901
0.03126,902
0.03111,903
0.03122,904
0.0313,905
0.03231,906
0.03223,907
0.0319,908
0.03112,909
0.02998,910
0.02899,911
0.02562,912
0.02465,913
0.02406,914
0.0259,915
0.02493,916
0.02599,917
0.02458,918
0.02404,919
0.0277,920
0.02951,921
0.02948,922
0.02900,923
0.02897,924
0.02891,925
0.02878,926
0.02854,927
0.02881,928
0.02924,929
0.03133,930
0.03149,931
0.03109,932
0.02958,933
0.02905,934
0.02755,935
0.0236,936
0.01423,937
0.01302,938
0.01287,939
0.01088,940
0.00972,941
0.00936,942
0.01063,943
0.02722,944
0.02741,945
0.02828,946
0.02875,947
0.02891,948
0.02887,949
0.02867,950
0.02851,951
0.02874,952
0.02902,953
0.03078,954
0.03124,955
0.0311,956
0.03048,957
0.02944,958
0.02932,959
0.02531,960
0.02173,961
0.0239,962
0.02222,963
0.02386,964
0.02308,965
0.02900,966
0.03116,967
0.03244,968
0.03289,969
0.05218,970
0.04688,971
0.04599,972
0.03533,973
0.03227,974
0.03235,975
0.03273,976
0.03292,977
0.05362,978
0.05433,979
0.03294,980
0.03228,981
0.03186,982
0.03105,983
0.0299,984
0.03008,985
0.02991,986
0.02945,987
0.02827,988
0.02805,989
0.03017,990
0.03195,991
0.04794,992
0.04794,993
0.05592,994
0.0541,995
0.03439,996
0.03241,997
0.03198,998
0.03215,999
0.03258,1000
0.03291,1001
0.03839,1002
0.03476,1003
0.03259,1004
0.03196,1005
0.03078,1006
0.02996,1007
0.02786,1008
0.02664,1009
0.02543,1010
0.02602,1011
0.02755,1012
0.02883,1013
0.03034,1014
0.03195,1015
0.03475,1016
0.03374,1017
0.03349,1018
0.03336,1019
0.03253,1020
0.0321,1021
0.03173,1022
0.03192,1023
0.03223,1024
0.03255,1025
0.03333,1026
0.03308,1027
0.03247,1028
0.03174,1029
0.03051,1030
0.02932,1031
0.02011,1032
0.0114,1033
0.0107,1034
0.00994,1035
0.00834,1036
0.01083,1037
0.0145,1038
0.03046,1039
0.03206,1040
0.03221,1041
0.03232,1042
0.03209,1043
0.03176,1044
0.03173,1045
0.03191,1046
0.03197,1047
0.03209,1048
0.03231,1049
0.03284,1050
0.03287,1051
0.03252,1052
0.03225,1053
0.03178,1054
0.03116,1055
0.03004,1056
0.02895,1057
0.02798,1058
0.0278,1059
0.02787,1060
0.02855,1061
0.0301,1062
0.03176,1063
0.03444,1064
0.03239,1065
0.0323,1066
0.03151,1067
0.03143,1068
0.03092,1069
0.03092,1070
0.03116,1071
0.03134,1072
0.03155,1073
0.03256,1074
0.03248,1075
0.03189,1076
0.03147,1077
0.03039,1078
0.02988,1079
0.02609,1080
0.00909,1081
0.01085,1082
0.00491,1083
8E-05,1084
0.01011,1085
0.00842,1086
2E-05,1087
0.01099,1088
0.01826,1089
0.02141,1090
0.02154,1091
0.02308,1092
0.02048,1093
0.01917,1094
0.01661,1095
0.01933,1096
0.02805,1097
0.03,1098
0.03053,1099
0.03019,1100
0.02872,1101
0.02041,1102
0.01667,1103
0.00963,1104
0.00891,1105
5E-05,1106
-0.00069,1107
4E-05,1108
0.00529,1109
0.0001,1110
-0.00377,1111
-6E-05,1112
0.00412,1113
0.01337,1114
0.01681,1115
0.02754,1116
0.02678,1117
0.01291,1118
0.01326,1119
0.01268,1120
0.02623,1121
0.02944,1122
0.03099,1123
0.0308,1124
0.03031,1125
0.02975,1126
0.02964,1127
0.02734,1128
0.0255,1129
0.02423,1130
0.02333,1131
0.01752,1132
0.01963,1133
0.02827,1134
0.03087,1135
0.03184,1136
0.03205,1137
0.03219,1138
0.03213,1139
0.03155,1140
0.03123,1141
0.03119,1142
0.03136,1143
0.0315,1144
0.03173,1145
0.04494,1146
0.07988,1147
0.06554,1148
0.03166,1149
0.03141,1150
0.03092,1151
0.03002,1152
0.02996,1153
0.02986,1154
0.02937,1155
0.02886,1156
0.0292,1157
0.03054,1158
0.03158,1159
0.03306,1160
0.03325,1161
0.03312,1162
0.03288,1163
0.03234,1164
0.03175,1165
0.03181,1166
0.03239,1167
0.03242,1168
0.03274,1169
0.04398,1170
0.04589,1171
0.03344,1172
0.03207,1173
0.03166,1174
0.03119,1175
0.03032,1176
0.02988,1177
0.02963,1178
0.02846,1179
0.02767,1180
0.02877,1181
0.02995,1182
0.03334,1183
0.04745,1184
0.04756,1185
0.04804,1186
0.04816,1187
0.0478,1188
0.04392,1189
0.0439,1190
0.03663,1191
0.04018,1192
0.04229,1193
0.04744,1194
0.05223,1195
0.04747,1196
0.04146,1197
0.03191,1198
0.03094,1199
0.03025,1200
0.03009,1201
0.02947,1202
0.02887,1203
0.02775,1204
0.02837,1205
0.03013,1206
0.03222,1207
0.03902,1208
0.04718,1209
0.04312,1210
0.04405,1211
0.03695,1212
0.03282,1213
0.03198,1214
0.03154,1215
0.03142,1216
0.03167,1217
0.03246,1218
0.0321,1219
0.03153,1220
0.03062,1221
0.03009,1222
0.02895,1223
0.02517,1224
0.02049,1225
0.02215,1226
0.02084,1227
0.01942,1228
0.02102,1229
0.0287,1230
0.03009,1231
0.03379,1232
0.03262,1233
0.0316,1234
0.03142,1235
0.03100,1236
0.03081,1237
0.03066,1238
0.03048,1239
0.03033,1240
0.03047,1241
0.03083,1242
0.0309,1243
0.03051,1244
0.02994,1245
0.02942,1246
0.02884,1247
0.02822,1248
0.02794,1249
0.02391,1250
0.02041,1251
0.02102,1252
0.01867,1253
0.02046,1254
0.02026,1255
0.02643,1256
0.02814,1257
0.02866,1258
0.02833,1259
0.02788,1260
0.0275,1261
0.02726,1262
0.0271,1263
0.02812,1264
0.02904,1265
0.02972,1266
0.02988,1267
0.02938,1268
0.0287,1269
0.02817,1270
0.02808,1271
0.02677,1272
0.02611,1273
0.02163,1274
0.02207,1275
0.01948,1276
0.01628,1277
0.01986,1278
0.01573,1279
0.01573,1280
0.0171,1281
0.02654,1282
0.02686,1283
0.02682,1284
0.02654,1285
0.02578,1286
0.02495,1287
0.0241,1288
0.02481,1289
0.0283,1290
0.0292,1291
0.02895,1292
0.02781,1293
0.0268,1294
0.02666,1295
0.02571,1296
0.0145,1297
0.01509,1298
0.01722,1299
0.01368,1300
0.01400,1301
0.02539,1302
0.02839,1303
0.02953,1304
0.02983,1305
0.02943,1306
0.02881,1307
0.02825,1308
0.02742,1309
0.02746,1310
0.02789,1311
0.02852,1312
0.02889,1313
0.02938,1314
0.02954,1315
0.02929,1316
0.02883,1317
0.02837,1318
0.02745,1319
0.02408,1320
0.02606,1321
0.02387,1322
0.02277,1323
0.02029,1324
0.02182,1325
0.02693,1326
0.02931,1327
0.03006,1328
0.03072,1329
0.03001,1330
0.02959,1331
0.02902,1332
0.02888,1333
0.02901,1334
0.02913,1335
0.02933,1336
0.02933,1337
0.03007,1338
0.03071,1339
0.02996,1340
0.02937,1341
0.02903,1342
0.02876,1343
0.02819,1344
0.02766,1345
0.02716,1346
0.02701,1347
0.02691,1348
0.02786,1349
0.02848,1350
0.03019,1351
0.04505,1352
0.04522,1353
0.04304,1354
0.04393,1355
0.04103,1356
0.03644,1357
0.03878,1358
0.04094,1359
0.0419,1360
0.04181,1361
0.04399,1362
0.07119,1363
0.05737,1364
0.04985,1365
0.04559,1366
0.03035,1367
0.02904,1368
0.02804,1369
0.02789,1370
0.02768,1371
0.02784,1372
0.02815,1373
0.02836,1374
0.02964,1375
0.04431,1376
0.0489,1377
0.04309,1378
0.04449,1379
0.04294,1380
0.04178,1381
0.03332,1382
0.02944,1383
0.02938,1384
0.02934,1385
0.04291,1386
0.04846,1387
0.02978,1388
0.02927,1389
0.02889,1390
0.02846,1391
0.02798,1392
0.02743,1393
0.02722,1394
0.02713,1395
0.02736,1396
0.02785,1397
0.02815,1398
0.02907,1399
0.04522,1400
0.04945,1401
0.04977,1402
0.04912,1403
0.04569,1404
0.04291,1405
0.04298,1406
0.03525,1407
0.03455,1408
0.04298,1409
0.0473,1410
0.06468,1411
0.05829,1412
0.04728,1413
0.03975,1414
0.03182,1415
0.0282,1416
0.02799,1417
0.02781,1418
0.02776,1419
0.0278,1420
0.02798,1421
0.02831,1422
0.02898,1423
0.03041,1424
0.03183,1425
0.03367,1426
0.03049,1427
0.03042,1428
0.02987,1429
0.02935,1430
0.02937,1431
0.02993,1432
0.03377,1433
0.04127,1434
0.05992,1435
0.03514,1436
0.02888,1437
0.02839,1438
0.0282,1439
0.0281,1440
0.02786,1441
0.02737,1442
0.02713,1443
0.02781,1444
0.02757,1445
0.02786,1446
0.02733,1447
0.02704,1448
0.02749,1449
0.02817,1450
0.02838,1451
0.02844,1452
0.02800,1453
0.02745,1454
0.02641,1455
0.02666,1456
0.02707,1457
0.02822,1458
0.03287,1459
0.02894,1460
0.02831,1461
0.02806,1462
0.02773,1463
0.0271,1464
0.02652,1465
0.02511,1466
0.02408,1467
0.02404,1468
0.02538,1469
0.0272,1470
0.02875,1471
0.02936,1472
0.02994,1473
0.02968,1474
0.02929,1475
0.02875,1476
0.02851,1477
0.02863,1478
0.02854,1479
0.02848,1480
0.02846,1481
0.02895,1482
0.02995,1483
0.02961,1484
0.02891,1485
0.02861,1486
0.02819,1487
0.02801,1488
0.02792,1489
0.02779,1490
0.02764,1491
0.02795,1492
0.02833,1493
0.02865,1494
0.02959,1495
0.04922,1496
0.05778,1497
0.04767,1498
0.0471,1499
0.04711,1500
0.04036,1501
0.04176,1502
0.04169,1503
0.03856,1504
0.02996,1505
0.04191,1506
0.06869,1507
0.05053,1508
0.03935,1509
0.02907,1510
0.02862,1511
0.02835,1512
0.0283,1513
0.02816,1514
0.02806,1515
0.02825,1516
0.02875,1517
0.02935,1518
0.04221,1519
0.04502,1520
0.05306,1521
0.05200,1522
0.0452,1523
0.04184,1524
0.03502,1525
0.03693,1526
0.04021,1527
0.03119,1528
0.0312,1529
0.04584,1530
0.05803,1531
0.05896,1532
0.04615,1533
0.04244,1534
0.03695,1535
0.02872,1536
0.02792,1537
0.02749,1538
0.02712,1539
0.02741,1540
0.02797,1541
0.02837,1542
0.02899,1543
0.02974,1544
0.05209,1545
0.05982,1546
0.04136,1547
0.03200,1548
0.03039,1549
0.03202,1550
0.0286,1551
0.02861,1552
0.0285,1553
0.02886,1554
0.05414,1555
0.02906,1556
0.02863,1557
0.02841,1558
0.02782,1559
0.02684,1560
0.02524,1561
0.0249,1562
0.02453,1563
0.02497,1564
0.02562,1565
0.02604,1566
0.02698,1567
0.0275,1568
0.0277,1569
0.02764,1570
0.02755,1571
0.02729,1572
0.02682,1573
0.0265,1574
0.02634,1575
0.02632,1576
0.02627,1577
0.02659,1578
0.02686,1579
0.02664,1580
0.02599,1581
0.0257,1582
0.02514,1583
0.02383,1584
0.02452,1585
0.02442,1586
0.02446,1587
0.02465,1588
0.02491,1589
0.0254,1590
0.02606,1591
0.02641,1592
0.02694,1593
0.02713,1594
0.02769,1595
0.02617,1596
0.02508,1597
0.02475,1598
0.02452,1599
0.02448,1600
0.02602,1601
0.02721,1602
0.02748,1603
0.02725,1604
0.02658,1605
0.02514,1606
0.02455,1607
0.01865,1608
0.01567,1609
0.01375,1610
0.0121,1611
0.0114,1612
0.01035,1613
0.0114,1614
0.01149,1615
0.0114,1616
0.0229,1617
0.0237,1618
0.02399,1619
0.02381,1620
0.02336,1621
0.02255,1622
0.0218,1623
0.02158,1624
0.0234,1625
0.02608,1626
0.0268,1627
0.02682,1628
0.02643,1629
0.02612,1630
0.02564,1631
0.02475,1632
0.02426,1633
0.02262,1634
0.02273,1635
0.02276,1636
0.02211,1637
0.02557,1638
0.02741,1639
0.02875,1640
0.03517,1641
0.03082,1642
0.03,1643
0.02973,1644
0.02799,1645
0.02811,1646
0.02821,1647
0.02863,1648
0.02716,1649
0.03061,1650
0.04727,1651
0.04723,1652
0.03043,1653
0.02749,1654
0.02685,1655
0.02594,1656
0.02521,1657
0.02528,1658
0.02463,1659
0.02427,1660
0.02503,1661
0.0265,1662
0.03508,1663
0.04255,1664
0.04458,1665
0.03912,1666
0.03132,1667
0.03001,1668
0.02893,1669
0.02859,1670
0.02818,1671
0.02872,1672
0.03091,1673
0.03809,1674
0.04798,1675
0.0541,1676
0.04256,1677
0.03404,1678
0.03247,1679
0.02677,1680
0.02558,1681
0.02537,1682
0.02515,1683
0.02515,1684
0.02569,1685
0.02705,1686
0.0358,1687
0.04454,1688
0.04373,1689
0.03583,1690
0.03093,1691
0.02977,1692
0.02894,1693
0.02878,1694
0.02842,1695
0.02925,1696
0.03079,1697
0.03724,1698
0.04592,1699
0.04322,1700
0.03589,1701
0.03121,1702
0.02738,1703
0.02587,1704
0.02584,1705
0.02557,1706
0.02549,1707
0.0259,1708
0.02652,1709
0.02717,1710
0.02851,1711
0.03924,1712
0.04226,1713
0.03497,1714
0.03014,1715
0.0297,1716
0.02884,1717
0.02842,1718
0.02769,1719
0.02689,1720
0.02719,1721
0.02944,1722
0.03243,1723
0.02936,1724
0.02727,1725
0.02693,1726
0.0263,1727
0.02536,1728
0.02483,1729
0.02458,1730
0.02456,1731
0.02511,1732
0.02567,1733
0.0266,1734
0.02748,1735
0.04395,1736
0.04377,1737
0.0404,1738
0.03093,1739
0.02875,1740
0.02711,1741
0.02657,1742
0.02643,1743
0.02615,1744
0.02594,1745
0.0262,1746
0.02669,1747
0.02636,1748
0.02579,1749
0.02496,1750
0.02425,1751
0.01817,1752
0.01316,1753
0.00901,1754
0.00465,1755
0.00777,1756
0.00699,1757
0.00908,1758
0.01082,1759
0.01112,1760
0.01401,1761
0.01758,1762
0.01406,1763
0.01223,1764
0.00916,1765
0.00395,1766
0.09000,1767
0.01100,1768
0.01126,1769
0.02234,1770
0.02607,1771
0.02637,1772
0.02514,1773
0.02369,1774
0.02007,1775
0.01096,1776
-2E-05,1777
-0.02508,1778
-0.02506,1779
-0.06026,1780
-0.05065,1781
-0.05012,1782
-0.02008,1783
0.02391,1784
0.02403,1785
0.02469,1786
0.02506,1787
0.02496,1788
0.02471,1789
0.02442,1790
0.02435,1791
0.02428,1792
0.02471,1793
0.02484,1794
0.02586,1795
0.02649,1796
0.02562,1797
0.02482,1798
0.01935,1799
0.00906,1800
7E-05,1801
-0.01287,1802
-0.01001,1803
-4E-05,1804
0.00809,1805
0.01308,1806
0.02491,1807
0.02644,1808
0.02662,1809
0.0265,1810
0.02633,1811
0.02602,1812
0.02583,1813
0.02526,1814
0.02536,1815
0.02579,1816
0.02598,1817
0.02683,1818
0.02851,1819
0.02772,1820
0.02714,1821
0.02674,1822
0.02589,1823
0.02531,1824
0.02499,1825
0.0244,1826
0.02421,1827
0.02407,1828
0.02486,1829
0.02588,1830
0.02645,1831
0.02962,1832
0.03019,1833
0.02964,1834
0.02872,1835
0.02815,1836
0.0269,1837
0.02745,1838
0.02702,1839
0.02664,1840
0.0266,1841
0.02792,1842
0.02931,1843
0.02861,1844
0.02746,1845
0.02741,1846
0.02437,1847
0.02215,1848
0.02384,1849
0.02009,1850
0.01941,1851
0.01197,1852
0.01137,1853
0.0248,1854
0.02619,1855
0.02858,1856
0.02887,1857
0.02808,1858
0.02698,1859
0.0261,1860
0.02556,1861
0.02538,1862
0.02499,1863
0.0247,1864
0.02442,1865
0.02573,1866
0.02622,1867
0.02631,1868
0.02605,1869
0.0254,1870
0.02321,1871
0.01614,1872
0.01106,1873
0.01254,1874
0.0126,1875
0.0156,1876
0.01864,1877
0.02398,1878
0.02494,1879
0.02842,1880
0.02892,1881
0.0272,1882
0.02685,1883
0.02497,1884
0.02434,1885
0.02386,1886
0.02377,1887
0.02364,1888
0.02342,1889
0.02375,1890
0.02456,1891
0.02452,1892
0.02402,1893
0.0232,1894
0.02003,1895
0.00791,1896
0.00011,1897
0.00895,1898
0.00492,1899
0.01025,1900
0.01065,1901
0.02100,1902
0.02375,1903
0.02499,1904
0.02519,1905
0.02498,1906
0.02465,1907
0.02402,1908
0.0238,1909
0.02333,1910
0.02361,1911
0.02414,1912
0.02426,1913
0.02483,1914
0.02583,1915
0.02499,1916
0.02468,1917
0.02424,1918
0.02404,1919
0.02355,1920
0.0238,1921
0.02361,1922
0.0235,1923
0.02341,1924
0.02282,1925
0.0225,1926
0.02276,1927
0.02246,1928
0.02316,1929
0.02354,1930
0.02351,1931
0.02288,1932
0.02269,1933
0.0223,1934
0.0221,1935
0.02197,1936
0.02245,1937
0.0233,1938
0.02414,1939
0.02487,1940
0.02453,1941
0.02400,1942
0.02385,1943
0.02402,1944
0.0231,1945
0.02054,1946
0.02014,1947
0.02059,1948
0.02145,1949
0.0207,1950
0.01949,1951
0.01923,1952
0.02189,1953
0.0239,1954
0.02496,1955
0.02492,1956
0.02469,1957
0.02403,1958
0.02346,1959
0.02331,1960
0.02383,1961
0.02483,1962
0.02921,1963
0.02971,1964
0.02674,1965
0.02623,1966
0.02525,1967
0.02464,1968
0.02523,1969
0.02511,1970
0.02511,1971
0.02506,1972
0.0253,1973
0.0273,1974
0.03554,1975
0.04007,1976
0.04134,1977
0.03904,1978
0.03992,1979
0.03111,1980
0.0291,1981
0.02916,1982
0.02768,1983
0.02745,1984
0.02734,1985
0.02877,1986
0.04609,1987
0.04134,1988
0.0286,1989
0.0274,1990
0.02597,1991
0.02531,1992
0.02592,1993
0.02566,1994
0.0256,1995
0.02586,1996
0.02613,1997
0.02724,1998
0.02818,1999
0.03196,2000
0.04018,2001
0.03176,2002
0.03014,2003
0.02801,2004
0.02716,2005
0.02665,2006
0.02617,2007
0.02597,2008
0.02587,2009
0.02633,2010
0.02646,2011
0.02663,2012
0.02632,2013
0.02575,2014
0.02495,2015
0.02386,2016
0.02403,2017
0.02348,2018
0.02378,2019
0.02461,2020
0.02536,2021
0.02600,2022
0.02692,2023
0.02812,2024
0.02914,2025
0.02847,2026
0.02808,2027
0.0281,2028
0.0279,2029
0.02778,2030
0.02762,2031
0.02761,2032
0.02754,2033
0.02795,2034
0.02916,2035
0.02996,2036
0.02925,2037
0.02798,2038
0.02697,2039
0.02639,2040
0.02601,2041
0.02561,2042
0.02500,2043
0.02574,2044
0.02623,2045
0.02693,2046
0.02855,2047
0.0347,2048
0.03184,2049
0.02931,2050
0.0278,2051
0.02743,2052
0.02679,2053
0.0268,2054
0.02714,2055
0.02775,2056
0.02774,2057
0.02843,2058
0.03035,2059
0.03296,2060
0.02958,2061
0.0287,2062
0.02739,2063
0.02691,2064
0.02703,2065
0.02671,2066
0.02626,2067
0.02662,2068
0.0274,2069
0.0282,2070
0.02986,2071
0.03842,2072
0.04074,2073
0.03188,2074
0.02979,2075
0.02972,2076
0.02896,2077
0.02821,2078
0.02778,2079
0.02745,2080
0.02728,2081
0.02748,2082
0.02819,2083
0.02831,2084
0.02789,2085
0.02757,2086
0.02694,2087
0.02688,2088
0.02686,2089
0.02659,2090
0.02627,2091
0.02632,2092
0.0266,2093
0.02708,2094
0.02715,2095
0.02753,2096
0.02799,2097
0.02767,2098
0.02702,2099
0.02658,2100
0.02582,2101
0.02548,2102
0.02506,2103
0.02541,2104
0.02671,2105
0.0302,2106
0.03692,2107
0.03062,2108
0.02803,2109
0.02778,2110
0.02745,2111
0.02735,2112
0.02674,2113
0.02591,2114
0.02591,2115
0.02444,2116
0.02479,2117
0.02563,2118
0.02586,2119
0.02641,2120
0.02738,2121
0.02754,2122
0.02692,2123
0.0267,2124
0.02609,2125
0.02600,2126
0.02591,2127
0.02583,2128
0.02592,2129
0.02643,2130
0.02778,2131
0.03786,2132
0.03659,2133
0.03368,2134
0.03007,2135
0.02954,2136
0.02738,2137
0.02725,2138
0.02703,2139
0.02655,2140
0.02673,2141
0.02773,2142
0.03064,2143
0.03341,2144
0.03973,2145
0.03415,2146
0.03409,2147
0.03071,2148
0.0289,2149
0.02901,2150
0.02874,2151
0.02838,2152
0.02821,2153
0.03099,2154
0.04047,2155
0.04847,2156
0.03400,2157
0.03079,2158
0.02914,2159
0.02804,2160
0.02789,2161
0.02723,2162
0.02699,2163
0.02722,2164
0.02802,2165
0.03003,2166
0.03734,2167
0.05147,2168
0.05842,2169
0.05267,2170
0.04616,2171
0.04162,2172
0.03625,2173
0.03464,2174
0.03241,2175
0.03282,2176
0.03063,2177
0.0326,2178
0.03766,2179
0.03914,2180
0.0365,2181
0.03286,2182
0.02956,2183
0.0281,2184
0.02826,2185
0.02714,2186
0.02674,2187
0.02628,2188
0.02693,2189
0.02847,2190
0.03292,2191
0.04922,2192
0.0596,2193
0.05435,2194
0.04531,2195
0.03992,2196
0.03186,2197
0.03105,2198
0.03009,2199
0.03021,2200
0.02937,2201
0.03109,2202
0.03865,2203
0.04468,2204
0.03998,2205
0.03804,2206
0.0299,2207
0.02883,2208
0.02903,2209
0.02852,2210
0.02748,2211
0.02709,2212
0.0283,2213
0.02955,2214
0.03732,2215
0.04699,2216
0.05323,2217
0.04593,2218
0.04179,2219
0.03598,2220
0.03293,2221
0.0312,2222
0.03041,2223
0.03026,2224
0.0299,2225
0.03035,2226
0.0321,2227
0.03168,2228
0.03285,2229
0.03051,2230
0.02902,2231
0.0273,2232
0.02692,2233
0.02581,2234
0.02588,2235
0.02507,2236
0.0259,2237
0.02733,2238
0.03031,2239
0.03985,2240
0.0478,2241
0.03508,2242
0.03148,2243
0.02876,2244
0.02775,2245
0.02789,2246
0.02664,2247
0.02582,2248
0.02563,2249
0.02603,2250
0.02678,2251
0.02716,2252
0.0276,2253
0.02757,2254
0.02637,2255
0.02584,2256
0.0255,2257
0.02523,2258
0.02518,2259
0.02518,2260
0.02528,2261
0.02562,2262
0.02688,2263
0.02777,2264
0.02873,2265
0.02996,2266
0.02978,2267
0.02952,2268
0.02874,2269
0.02788,2270
0.02709,2271
0.02705,2272
0.02699,2273
0.0288,2274
0.03057,2275
0.0375,2276
0.03203,2277
0.03139,2278
0.02867,2279
0.02813,2280
0.02746,2281
0.02554,2282
0.02478,2283
0.02416,2284
0.02435,2285
0.02452,2286
0.02425,2287
0.0243,2288
0.02531,2289
0.02683,2290
0.02694,2291
0.02699,2292
0.02515,2293
0.02497,2294
0.02481,2295
0.0247,2296
0.02461,2297
0.0253,2298
0.0279,2299
0.02865,2300
0.02894,2301
0.02804,2302
0.02697,2303
0.02541,2304
0.0248,2305
0.02396,2306
0.02359,2307
0.02297,2308
0.02425,2309
0.02498,2310
0.02773,2311
0.03027,2312
0.03212,2313
0.0313,2314
0.03128,2315
0.03021,2316
0.02923,2317
0.02918,2318
0.02904,2319
0.02916,2320
0.02884,2321
0.0296,2322
0.03,2323
0.03061,2324
0.03061,2325
0.02967,2326
0.02776,2327
0.02685,2328
0.02500,2329
0.02391,2330
0.02192,2331
0.02144,2332
0.02269,2333
0.02402,2334
0.02712,2335
0.02852,2336
0.02893,2337
0.0283,2338
0.02793,2339
0.02742,2340
0.02638,2341
0.02614,2342
0.02602,2343
0.02527,2344
0.02482,2345
0.02607,2346
0.02689,2347
0.02681,2348
0.02719,2349
0.02731,2350
0.0262,2351
0.02381,2352
0.02109,2353
0.01951,2354
0.01894,2355
0.02039,2356
0.02216,2357
0.02426,2358
0.02467,2359
0.0269,2360
0.02734,2361
0.02701,2362
0.02625,2363
0.02615,2364
0.02561,2365
0.02538,2366
0.02526,2367
0.02527,2368
0.02500,2369
0.02645,2370
0.02698,2371
0.0278,2372
0.02857,2373
0.02877,2374
0.02747,2375
0.02644,2376
0.02427,2377
0.02436,2378
0.02313,2379
0.02283,2380
0.02471,2381
0.02742,2382
0.02983,2383
0.04793,2384
0.05373,2385
0.05381,2386
0.05008,2387
0.04427,2388
0.04038,2389
0.03972,2390
0.03309,2391
0.03205,2392
0.03646,2393
0.03862,2394
0.04244,2395
0.04821,2396
0.04995,2397
0.04217,2398
0.02782,2399
0.02651,2400
0.02565,2401
0.02461,2402
0.02423,2403
0.02492,2404
0.02648,2405
0.02695,2406
0.02755,2407
0.04451,2408
0.04888,2409
0.04883,2410
0.04565,2411
0.04011,2412
0.02964,2413
0.02879,2414
0.02709,2415
0.02665,2416
0.02600,2417
0.02649,2418
0.02665,2419
0.02671,2420
0.02700,2421
0.02675,2422
0.02614,2423
0.02481,2424
0.02894,2425
0.02665,2426
0.02523,2427
0.02476,2428
0.02536,2429
0.02523,2430
0.02566,2431
0.02923,2432
0.03241,2433
0.03405,2434
0.02879,2435
0.0267,2436
0.02574,2437
0.02342,2438
0.02281,2439
0.02255,2440
0.02303,2441
0.02445,2442
0.02468,2443
0.02455,2444
0.02462,2445
0.02408,2446
0.02324,2447
0.02294,2448
0.02091,2449
0.01611,2450
0.01458,2451
0.01367,2452
0.01325,2453
0.01402,2454
0.01446,2455
0.01523,2456
0.01878,2457
0.01896,2458
0.0198,2459
0.01956,2460
0.01906,2461
0.01873,2462
0.01857,2463
0.01825,2464
0.01865,2465
0.0203,2466
0.02192,2467
0.02406,2468
0.02421,2469
0.02388,2470
0.02318,2471
0.0226,2472
0.02012,2473
0.01494,2474
0.01492,2475
0.01578,2476
0.01996,2477
0.02254,2478
0.02528,2479
0.02636,2480
0.02697,2481
0.02689,2482
0.02608,2483
0.02588,2484
0.02508,2485
0.02441,2486
0.0241,2487
0.02351,2488
0.02266,2489
0.02337,2490
0.02453,2491
0.02505,2492
0.02527,2493
0.02521,2494
0.02391,2495
0.02131,2496
0.02046,2497
0.01952,2498
0.01916,2499
0.02033,2500
0.02185,2501
0.02257,2502
0.02535,2503
0.02652,2504
0.02759,2505
0.02699,2506
0.02688,2507
0.02677,2508
0.02598,2509
0.02605,2510
0.02554,2511
0.02551,2512
0.02533,2513
0.0261,2514
0.02621,2515
0.02694,2516
0.03693,2517
0.0371,2518
0.03813,2519
0.03204,2520
0.02884,2521
0.02984,2522
0.02817,2523
0.02851,2524
0.0284,2525
0.03125,2526
0.04092,2527
0.0551,2528
0.05887,2529
0.03599,2530
0.03392,2531
0.02984,2532
0.02834,2533
0.02746,2534
0.02632,2535
0.02613,2536
0.02746,2537
0.0312,2538
0.03924,2539
0.04397,2540
0.04364,2541
0.04194,2542
0.03909,2543
0.03166,2544
0.02359,2545
0.02224,2546
0.02174,2547
0.02166,2548
0.02246,2549
0.02415,2550
0.0241,2551
0.02551,2552
0.02600,2553
0.02542,2554
0.02526,2555
0.02451,2556
0.02371,2557
0.02313,2558
0.02263,2559
0.02223,2560
0.0221,2561
0.02221,2562
0.02232,2563
0.0226,2564
0.02305,2565
0.02328,2566
0.02269,2567
0.02213,2568
0.02262,2569
0.02226,2570
0.02231,2571
0.02117,2572
0.02205,2573
0.02255,2574
0.02239,2575
0.0231,2576
0.02421,2577
0.02471,2578
0.02484,2579
0.02479,2580
0.02442,2581
0.02423,2582
0.02392,2583
0.02265,2584
0.02288,2585
0.02395,2586
0.0243,2587
0.02446,2588
0.02482,2589
0.02489,2590
0.02433,2591
0.02441,2592
0.0247,2593
0.0244,2594
0.02423,2595
0.02385,2596
0.02417,2597
0.0247,2598
0.02421,2599
0.02563,2600
0.02965,2601
0.03266,2602
0.02916,2603
0.0282,2604
0.02628,2605
0.02445,2606
0.02201,2607
0.02143,2608
0.02127,2609
0.02399,2610
0.02878,2611
0.02602,2612
0.02589,2613
0.02616,2614
0.0261,2615
0.02332,2616
0.02134,2617
0.01961,2618
0.01979,2619
0.01975,2620
0.01978,2621
0.0199,2622
0.01979,2623
0.01962,2624
0.0205,2625
0.02265,2626
0.02314,2627
0.02299,2628
0.02218,2629
0.02216,2630
0.02168,2631
0.02147,2632
0.02156,2633
0.02165,2634
0.02231,2635
0.02264,2636
0.02526,2637
0.0249,2638
0.02352,2639
0.02198,2640
0.02132,2641
0.01875,2642
0.01784,2643
0.01349,2644
0.01426,2645
0.0172,2646
0.01697,2647
0.02061,2648
0.02159,2649
0.0231,2650
0.02313,2651
0.02258,2652
0.0219,2653
0.02132,2654
0.02088,2655
0.02058,2656
0.02056,2657
0.02157,2658
0.02391,2659
0.0241,2660
0.02463,2661
0.02487,2662
0.02365,2663
0.02291,2664
0.02188,2665
0.02117,2666
0.0209,2667
0.02119,2668
0.02233,2669
0.02313,2670
0.02562,2671
0.02848,2672
0.0347,2673
0.03476,2674
0.03344,2675
0.03209,2676
0.03204,2677
0.03202,2678
0.02993,2679
0.02837,2680
0.0281,2681
0.0291,2682
0.02894,2683
0.02921,2684
0.02818,2685
0.02778,2686
0.02536,2687
0.02237,2688
0.02072,2689
0.01981,2690
0.01969,2691
0.01995,2692
0.02114,2693
0.02353,2694
0.02607,2695
0.02869,2696
0.03251,2697
0.03368,2698
0.03693,2699
0.02978,2700
0.02899,2701
0.02904,2702
0.02936,2703
0.02776,2704
0.02741,2705
0.0288,2706
0.02772,2707
0.02793,2708
0.02795,2709
0.02766,2710
0.02628,2711
0.02366,2712
0.02252,2713
0.02176,2714
0.02172,2715
0.02251,2716
0.02353,2717
0.02544,2718
0.02745,2719
0.03187,2720
0.04042,2721
0.04048,2722
0.03655,2723
0.03648,2724
0.03247,2725
0.03245,2726
0.03245,2727
0.03245,2728
0.03244,2729
0.03425,2730
0.03996,2731
0.03995,2732
0.03945,2733
0.03921,2734
0.02805,2735
0.02675,2736
0.02506,2737
0.02431,2738
0.02436,2739
0.02451,2740
0.02563,2741
0.02732,2742
0.03059,2743
0.04056,2744
0.04048,2745
0.03895,2746
0.03602,2747
0.03498,2748
0.03097,2749
0.03004,2750
0.02916,2751
0.02892,2752
0.02879,2753
0.03031,2754
0.03033,2755
0.02857,2756
0.02785,2757
0.02804,2758
0.02675,2759
0.02564,2760
0.02628,2761
0.02501,2762
0.02467,2763
0.02467,2764
0.02552,2765
0.02545,2766
0.02599,2767
0.02645,2768
0.02763,2769
0.03445,2770
0.03209,2771
0.03028,2772
0.02761,2773
0.02684,2774
0.02658,2775
0.02655,2776
0.02674,2777
0.03056,2778
0.03184,2779
0.02784,2780
0.02794,2781
0.02785,2782
0.02732,2783
0.02632,2784
0.02672,2785
0.02439,2786
0.02254,2787
0.01899,2788
0.01962,2789
0.01919,2790
0.01749,2791
0.01952,2792
0.02251,2793
0.0264,2794
0.0271,2795
0.02736,2796
0.02706,2797
0.02459,2798
0.02315,2799
0.02038,2800
0.01987,2801
0.02374,2802
0.02765,2803
0.03046,2804
0.0339,2805
0.03074,2806
0.02694,2807
0.02633,2808
0.02469,2809
0.02478,2810
0.02459,2811
0.02406,2812
0.0241,2813
0.02687,2814
0.03062,2815
0.05552,2816
0.05244,2817
0.05554,2818
0.05556,2819
0.05402,2820
0.05257,2821
0.04257,2822
0.04096,2823
0.03927,2824
0.03613,2825
0.03823,2826
0.04338,2827
0.04072,2828
0.04456,2829
0.05007,2830
0.03629,2831
0.03038,2832
0.02973,2833
0.02916,2834
0.02896,2835
0.02863,2836
0.02878,2837
0.03186,2838
0.03897,2839
0.04792,2840
0.05038,2841
0.05079,2842
0.04744,2843
0.04932,2844
0.04674,2845
0.04485,2846
0.04132,2847
0.0377,2848
0.0366,2849
0.03967,2850
0.04500,2851
0.04596,2852
0.04616,2853
0.04496,2854
0.04072,2855
0.03301,2856
0.03047,2857
0.02973,2858
0.02824,2859
0.0281,2860
0.02857,2861
0.03042,2862
0.03503,2863
0.04493,2864
0.05226,2865
0.04911,2866
0.04298,2867
0.04204,2868
0.03994,2869
0.03998,2870
0.03806,2871
0.0362,2872
0.03402,2873
0.03259,2874
0.03515,2875
0.03744,2876
0.0359,2877
0.03408,2878
0.03204,2879
0.02931,2880
0.02821,2881
0.02619,2882
0.02391,2883
0.0208,2884
0.02107,2885
0.02264,2886
0.02103,2887
0.02562,2888
0.02738,2889
0.0282,2890
0.02854,2891
0.02858,2892
0.02827,2893
0.02815,2894
0.02733,2895
0.02722,2896
0.02736,2897
0.02762,2898
0.02824,2899
0.02897,2900
0.02902,2901
0.02934,2902
0.02865,2903
0.02695,2904
0.02506,2905
0.02345,2906
0.02408,2907
0.02515,2908
0.02624,2909
0.02813,2910
0.03,2911
0.03426,2912
0.03749,2913
0.03719,2914
0.03633,2915
0.03599,2916
0.03582,2917
0.03238,2918
0.03037,2919
0.03007,2920
0.0299,2921
0.02996,2922
0.03195,2923
0.03326,2924
0.03377,2925
0.03398,2926
0.03345,2927
0.03033,2928
0.03028,2929
0.02912,2930
0.02861,2931
0.02856,2932
0.02848,2933
0.02789,2934
0.02697,2935
0.02893,2936
0.03217,2937
0.03297,2938
0.0326,2939
0.03066,2940
0.03043,2941
0.02932,2942
0.02836,2943
0.02775,2944
0.02712,2945
0.02859,2946
0.03008,2947
0.03241,2948
0.03300,2949
0.03319,2950
0.03300,2951
0.03059,2952
0.02845,2953
0.02601,2954
0.0248,2955
0.02597,2956
0.02598,2957
0.02626,2958
0.02717,2959
0.02762,2960
0.02961,2961
0.03006,2962
0.03017,2963
0.03037,2964
0.03021,2965
0.03019,2966
0.03018,2967
0.0301,2968
0.03017,2969
0.03100,2970
0.03113,2971
0.03313,2972
0.03427,2973
0.03642,2974
0.03643,2975
0.03388,2976
0.03127,2977
0.02999,2978
0.02971,2979
0.02991,2980
0.03095,2981
0.03258,2982
0.03979,2983
0.04408,2984
0.05693,2985
0.05564,2986
0.05526,2987
0.05297,2988
0.05295,2989
0.0479,2990
0.04166,2991
0.03938,2992
0.03559,2993
0.03698,2994
0.04232,2995
0.0462,2996
0.04699,2997
0.04293,2998
0.03678,2999
0.0312,3000
0.03081,3001
0.03,3002
0.0295,3003
0.02928,3004
0.02935,3005
0.03147,3006
0.03307,3007
0.03798,3008
0.03894,3009
0.03618,3010
0.03388,3011
0.03341,3012
0.0328,3013
0.03275,3014
0.03225,3015
0.03234,3016
0.03238,3017
0.03432,3018
0.03704,3019
0.03445,3020
0.0342,3021
0.03461,3022
0.03354,3023
0.03108,3024
0.02935,3025
0.02861,3026
0.02769,3027
0.02791,3028
0.02862,3029
0.03164,3030
0.03507,3031
0.04394,3032
0.0475,3033
0.04689,3034
0.04895,3035
0.04955,3036
0.0471,3037
0.04717,3038
0.04681,3039
0.03695,3040
0.03531,3041
0.03492,3042
0.03516,3043
0.03672,3044
0.03679,3045
0.03695,3046
0.0345,3047
0.03091,3048
0.03259,3049
0.0319,3050
0.03141,3051
0.03122,3052
0.03151,3053
0.03353,3054
0.03666,3055
0.04601,3056
0.05378,3057
0.04729,3058
0.04121,3059
0.03812,3060
0.03963,3061
0.03979,3062
0.03884,3063
0.03771,3064
0.0364,3065
0.03694,3066
0.03756,3067
0.04,3068
0.0476,3069
0.04318,3070
0.03669,3071
0.03302,3072
0.03203,3073
0.03185,3074
0.03148,3075
0.03148,3076
0.03226,3077
0.03619,3078
0.03954,3079
0.04813,3080
0.0564,3081
0.05547,3082
0.05429,3083
0.05284,3084
0.0481,3085
0.04689,3086
0.04162,3087
0.03918,3088
0.03719,3089
0.03883,3090
0.03777,3091
0.03691,3092
0.03625,3093
0.04018,3094
0.03622,3095
0.03324,3096
0.03066,3097
0.0302,3098
0.02993,3099
0.02952,3100
0.02887,3101
0.0289,3102
0.02949,3103
0.03009,3104
0.03098,3105
0.03235,3106
0.0328,3107
0.0327,3108
0.03226,3109
0.03185,3110
0.03184,3111
0.0315,3112
0.03173,3113
0.03252,3114
0.03399,3115
0.03399,3116
0.0331,3117
0.03292,3118
0.03255,3119
0.03095,3120
0.03066,3121
0.0301,3122
0.03002,3123
0.02991,3124
0.02875,3125
0.02839,3126
0.02884,3127
0.02928,3128
0.03079,3129
0.03207,3130
0.03304,3131
0.03336,3132
0.03308,3133
0.03288,3134
0.03272,3135
0.03259,3136
0.03296,3137
0.03387,3138
0.03424,3139
0.03465,3140
0.0342,3141
0.03515,3142
0.03341,3143
0.03115,3144
0.03019,3145
0.02972,3146
0.02964,3147
0.02972,3148
0.03037,3149
0.03284,3150
0.04072,3151
0.05003,3152
0.0554,3153
0.06141,3154
0.06549,3155
0.06108,3156
0.05777,3157
0.05499,3158
0.05105,3159
0.04809,3160
0.04285,3161
0.04457,3162
0.04235,3163
0.04244,3164
0.04189,3165
0.0419,3166
0.03749,3167
0.03405,3168
0.03268,3169
0.03105,3170
0.03051,3171
0.03033,3172
0.03102,3173
0.03351,3174
0.03744,3175
0.04779,3176
0.05851,3177
0.05549,3178
0.05239,3179
0.0533,3180
0.04778,3181
0.04163,3182
0.03947,3183
0.03854,3184
0.03745,3185
0.03773,3186
0.04094,3187
0.04079,3188
0.03878,3189
0.03909,3190
0.0371,3191
0.03337,3192
0.0301,3193
0.03006,3194
0.03005,3195
0.03015,3196
0.03102,3197
0.03361,3198
0.03676,3199
0.04549,3200
0.05703,3201
0.0611,3202
0.06336,3203
0.06488,3204
0.06069,3205
0.04858,3206
0.04801,3207
0.04804,3208
0.04315,3209
0.03773,3210
0.03795,3211
0.03800,3212
0.03881,3213
0.04066,3214
0.03746,3215
0.03253,3216
0.03101,3217
0.0305,3218
0.02958,3219
0.0294,3220
0.03005,3221
0.03131,3222
0.03864,3223
0.04858,3224
0.05668,3225
0.05296,3226
0.04981,3227
0.0488,3228
0.04905,3229
0.04097,3230
0.03891,3231
0.03732,3232
0.03427,3233
0.03496,3234
0.03812,3235
0.04057,3236
0.03983,3237
0.0353,3238
0.03509,3239
0.03208,3240
0.02855,3241
0.02641,3242
0.0261,3243
0.02461,3244
0.02616,3245
0.02929,3246
0.03371,3247
0.04202,3248
0.04502,3249
0.04266,3250
0.04398,3251
0.04353,3252
0.04179,3253
0.03741,3254
0.03584,3255
0.03475,3256
0.03406,3257
0.03247,3258
0.0344,3259
0.03677,3260
0.03691,3261
0.03693,3262
0.03594,3263
0.0331,3264
0.03,3265
0.02856,3266
0.02814,3267
0.02748,3268
0.02759,3269
0.02668,3270
0.02696,3271
0.02799,3272
0.02951,3273
0.03063,3274
0.0315,3275
0.03068,3276
0.03006,3277
0.02853,3278
0.02836,3279
0.02819,3280
0.02843,3281
0.02897,3282
0.03158,3283
0.03271,3284
0.03227,3285
0.03212,3286
0.03073,3287
0.03001,3288
0.02791,3289
0.0259,3290
0.02326,3291
0.02092,3292
0.02323,3293
0.02259,3294
0.0252,3295
0.02649,3296
0.02812,3297
0.02978,3298
0.03067,3299
0.0308,3300
0.03015,3301
0.0299,3302
0.02961,3303
0.02952,3304
0.02974,3305
0.03003,3306
0.0312,3307
0.03248,3308
0.03387,3309
0.03436,3310
0.03382,3311
0.03006,3312
0.0291,3313
0.02697,3314
0.02697,3315
0.02762,3316
0.02812,3317
0.0298,3318
0.03807,3319
0.04995,3320
0.05311,3321
0.05039,3322
0.04811,3323
0.04836,3324
0.04400,3325
0.04243,3326
0.04042,3327
0.03867,3328
0.03792,3329
0.04118,3330
0.0465,3331
0.05342,3332
0.04947,3333
0.04744,3334
0.03829,3335
0.03249,3336
0.03109,3337
0.02992,3338
0.02902,3339
0.02919,3340
0.02962,3341
0.0315,3342
0.04004,3343
0.05394,3344
0.05239,3345
0.04682,3346
0.0427,3347
0.04122,3348
0.0398,3349
0.03900,3350
0.03817,3351
0.03697,3352
0.03911,3353
0.0419,3354
0.04800,3355
0.04800,3356
0.05311,3357
0.04604,3358
0.04196,3359
0.03507,3360
0.03314,3361
0.03161,3362
0.02975,3363
0.02901,3364
0.02903,3365
0.03195,3366
0.04119,3367
0.04883,3368
0.05291,3369
0.05377,3370
0.04949,3371
0.05313,3372
0.05184,3373
0.04682,3374
0.04224,3375
0.0403,3376
0.03696,3377
0.03869,3378
0.04312,3379
0.04711,3380
0.04241,3381
0.03776,3382
0.03434,3383
0.02976,3384
0.02757,3385
0.02400,3386
0.01992,3387
0.01503,3388
0.01841,3389
0.02291,3390
0.02925,3391
0.03655,3392
0.03966,3393
0.03858,3394
0.03575,3395
0.03400,3396
0.03208,3397
0.03115,3398
0.03115,3399
0.03325,3400
0.03598,3401
0.04095,3402
0.04393,3403
0.0447,3404
0.04382,3405
0.04517,3406
0.04001,3407
0.03273,3408
0.02933,3409
0.02823,3410
0.02629,3411
0.02464,3412
0.02716,3413
0.02901,3414
0.03404,3415
0.04995,3416
0.05106,3417
0.05297,3418
0.05241,3419
0.05704,3420
0.04798,3421
0.04523,3422
0.04053,3423
0.03738,3424
0.03409,3425
0.03754,3426
0.04200,3427
0.0419,3428
0.03818,3429
0.04049,3430
0.03188,3431
0.03024,3432
0.03103,3433
0.0293,3434
0.02841,3435
0.02717,3436
0.02713,3437
0.02747,3438
0.02798,3439
0.03,3440
0.0301,3441
0.03174,3442
0.03033,3443
0.02981,3444
0.02900,3445
0.02693,3446
0.02532,3447
0.02492,3448
0.02568,3449
0.02793,3450
0.02996,3451
0.03341,3452
0.03365,3453
0.03215,3454
0.03202,3455
0.0309,3456
0.02800,3457
0.02345,3458
0.02034,3459
0.01618,3460
0.01545,3461
0.01579,3462
0.01599,3463
0.02596,3464
0.02777,3465
0.02947,3466
0.03036,3467
0.03039,3468
0.03007,3469
0.02986,3470
0.02899,3471
0.0285,3472
0.02841,3473
0.03016,3474
0.03141,3475
0.03524,3476
0.03523,3477
0.03592,3478
0.03399,3479
0.03002,3480
0.02766,3481
0.02479,3482
0.02395,3483
0.01963,3484
0.01987,3485
0.02652,3486
0.03712,3487
0.05134,3488
0.08998,3489
0.08997,3490
0.07998,3491
0.10539,3492
0.09483,3493
0.08005,3494
0.06507,3495
0.05517,3496
0.05149,3497
0.04928,3498
0.04707,3499
0.04499,3500
0.04229,3501
0.04400,3502
0.03793,3503
0.03157,3504
0.02869,3505
0.02623,3506
0.02407,3507
0.02413,3508
0.02466,3509
0.02788,3510
0.03282,3511
0.04478,3512
0.04744,3513
0.05001,3514
0.04873,3515
0.04825,3516
0.04471,3517
0.04400,3518
0.04298,3519
0.04096,3520
0.03731,3521
0.03632,3522
0.03756,3523
0.03522,3524
0.03384,3525
0.03313,3526
0.03072,3527
0.0271,3528
0.01703,3529
0.01584,3530
0.01521,3531
0.01511,3532
0.01543,3533
0.0203,3534
0.03072,3535
0.03715,3536
0.04205,3537
0.04208,3538
0.04268,3539
0.04214,3540
0.04173,3541
0.04159,3542
0.0414,3543
0.0374,3544
0.03663,3545
0.03523,3546
0.03864,3547
0.03847,3548
0.03721,3549
0.03525,3550
0.03383,3551
0.02981,3552
0.02762,3553
0.02626,3554
0.02624,3555
0.02500,3556
0.02499,3557
0.02392,3558
0.0252,3559
0.02866,3560
0.02978,3561
0.0317,3562
0.03287,3563
0.03278,3564
0.0321,3565
0.03087,3566
0.03048,3567
0.02966,3568
0.02987,3569
0.03019,3570
0.03154,3571
0.03275,3572
0.03351,3573
0.03565,3574
0.03598,3575
0.03006,3576
0.03007,3577
0.0291,3578
0.02814,3579
0.0275,3580
0.02763,3581
0.02894,3582
0.03237,3583
0.03776,3584
0.04014,3585
0.04143,3586
0.03999,3587
0.03998,3588
0.04006,3589
0.03563,3590
0.03455,3591
0.03469,3592
0.03395,3593
0.03711,3594
0.04233,3595
0.04022,3596
0.03741,3597
0.03544,3598
0.03451,3599
0.03134,3600
0.02845,3601
0.02527,3602
0.02096,3603
0.01963,3604
0.02035,3605
0.02035,3606
0.02009,3607
0.02494,3608
0.02799,3609
0.02906,3610
0.02971,3611
0.02989,3612
0.02969,3613
0.02918,3614
0.02892,3615
0.02865,3616
0.02867,3617
0.02893,3618
0.02882,3619
0.02889,3620
0.02968,3621
0.02914,3622
0.03091,3623
0.0285,3624
0.02082,3625
0.01664,3626
0.01667,3627
0.01504,3628
0.01695,3629
0.01703,3630
0.01465,3631
0.01517,3632
0.02503,3633
0.02774,3634
0.0294,3635
0.0299,3636
0.0298,3637
0.02937,3638
0.02945,3639
0.02968,3640
0.03077,3641
0.03253,3642
0.03313,3643
0.03348,3644
0.03442,3645
0.03493,3646
0.03447,3647
0.03132,3648
0.02953,3649
0.02837,3650
0.02784,3651
0.02796,3652
0.02827,3653
0.02908,3654
0.03833,3655
0.04204,3656
0.04576,3657
0.04831,3658
0.04977,3659
0.04653,3660
0.04513,3661
0.04386,3662
0.04007,3663
0.03958,3664
0.03889,3665
0.0387,3666
0.04076,3667
0.04289,3668
0.04289,3669
0.04191,3670
0.04224,3671
0.03557,3672
0.03246,3673
0.03065,3674
0.02944,3675
0.02878,3676
0.02909,3677
0.03011,3678
0.04094,3679
0.04829,3680
0.05315,3681
0.05219,3682
0.04999,3683
0.05251,3684
0.04811,3685
0.04609,3686
0.04584,3687
0.04437,3688
0.04457,3689
0.04702,3690
0.04847,3691
0.04897,3692
0.04761,3693
0.04448,3694
0.04561,3695
0.0375,3696
0.03157,3697
0.03005,3698
0.02974,3699
0.02878,3700
0.02869,3701
0.0298,3702
0.03766,3703
0.04744,3704
0.05168,3705
0.04952,3706
0.05412,3707
0.0495,3708
0.04641,3709
0.04687,3710
0.04354,3711
0.0428,3712
0.04197,3713
0.04223,3714
0.04197,3715
0.04191,3716
0.03967,3717
0.03724,3718
0.03751,3719
0.03009,3720
0.02895,3721
0.02800,3722
0.02595,3723
0.02368,3724
0.02407,3725
0.02565,3726
0.03136,3727
0.03859,3728
0.04074,3729
0.04012,3730
0.04052,3731
0.0404,3732
0.03971,3733
0.03901,3734
0.03767,3735
0.0368,3736
0.03395,3737
0.03301,3738
0.03737,3739
0.04,3740
0.03716,3741
0.03683,3742
0.03681,3743
0.03131,3744
0.0284,3745
0.02705,3746
0.02608,3747
0.02504,3748
0.0256,3749
0.02743,3750
0.03189,3751
0.03414,3752
0.03498,3753
0.03409,3754
0.03332,3755
0.03185,3756
0.03037,3757
0.03004,3758
0.0295,3759
0.02886,3760
0.02882,3761
0.03042,3762
0.03505,3763
0.03798,3764
0.03756,3765
0.03601,3766
0.03319,3767
0.02962,3768
0.02834,3769
0.02607,3770
0.02506,3771
0.02473,3772
0.02499,3773
0.02409,3774
0.02606,3775
0.02832,3776
0.02838,3777
0.0281,3778
0.02838,3779
0.02928,3780
0.02895,3781
0.02881,3782
0.02835,3783
0.02764,3784
0.02645,3785
0.02772,3786
0.0319,3787
0.03802,3788
0.03487,3789
0.03387,3790
0.03484,3791
0.03057,3792
0.02900,3793
0.02347,3794
0.02012,3795
0.01753,3796
0.01723,3797
0.01632,3798
0.01491,3799
0.01500,3800
0.02046,3801
0.02506,3802
0.02702,3803
0.02800,3804
0.02621,3805
0.02587,3806
0.02583,3807
0.02503,3808
0.02471,3809
0.02545,3810
0.02853,3811
0.03324,3812
0.03485,3813
0.03493,3814
0.03492,3815
0.03022,3816
0.02932,3817
0.02524,3818
0.02358,3819
0.02121,3820
0.02225,3821
0.02283,3822
0.02865,3823
0.03073,3824
0.03372,3825
0.03483,3826
0.03634,3827
0.03573,3828
0.03412,3829
0.03294,3830
0.03223,3831
0.03214,3832
0.0309,3833
0.03095,3834
0.03153,3835
0.03416,3836
0.03304,3837
0.0317,3838
0.03248,3839
0.0278,3840
0.02556,3841
0.01783,3842
0.01723,3843
0.01682,3844
0.01488,3845
0.01894,3846
0.03101,3847
0.04012,3848
0.04228,3849
0.04287,3850
0.04300,3851
0.04586,3852
0.04028,3853
0.03862,3854
0.03681,3855
0.03712,3856
0.03774,3857
0.0409,3858
0.04384,3859
0.04303,3860
0.03991,3861
0.03692,3862
0.04184,3863
0.03238,3864
0.03003,3865
0.02871,3866
0.02674,3867
0.02607,3868
0.02601,3869
0.02655,3870
0.03455,3871
0.04536,3872
0.05507,3873
0.05992,3874
0.05981,3875
0.0599,3876
0.05098,3877
0.04593,3878
0.04377,3879
0.04181,3880
0.03957,3881
0.04096,3882
0.04155,3883
0.04197,3884
0.0396,3885
0.03624,3886
0.04044,3887
0.03403,3888
0.02928,3889
0.0272,3890
0.02539,3891
0.02457,3892
0.02444,3893
0.02673,3894
0.03309,3895
0.04407,3896
0.04637,3897
0.04658,3898
0.04612,3899
0.04668,3900
0.04294,3901
0.04105,3902
0.03934,3903
0.03835,3904
0.03707,3905
0.03921,3906
0.04099,3907
0.03837,3908
0.03525,3909
0.03519,3910
0.03451,3911
0.03213,3912
0.02592,3913
0.02441,3914
0.02103,3915
0.01716,3916
0.01626,3917
0.0229,3918
0.02854,3919
0.03468,3920
0.03685,3921
0.03548,3922
0.03395,3923
0.03213,3924
0.0309,3925
0.02981,3926
0.02962,3927
0.02904,3928
0.02861,3929
0.02906,3930
0.03064,3931
0.03196,3932
0.03062,3933
0.03033,3934
0.03069,3935
0.02945,3936
0.02502,3937
0.02368,3938
0.02077,3939
0.01957,3940
0.01842,3941
0.01641,3942
0.0207,3943
0.02379,3944
0.02663,3945
0.02807,3946
0.02784,3947
0.02714,3948
0.02596,3949
0.02565,3950
0.02506,3951
0.02502,3952
0.02564,3953
0.02599,3954
0.02805,3955
0.02907,3956
0.02937,3957
0.02963,3958
0.02976,3959
0.02875,3960
0.02599,3961
0.02299,3962
0.02061,3963
0.01965,3964
0.01699,3965
0.01611,3966
0.01683,3967
0.02005,3968
0.02476,3969
0.02657,3970
0.02771,3971
0.02812,3972
0.02709,3973
0.0268,3974
0.02596,3975
0.02562,3976
0.02562,3977
0.02555,3978
0.02608,3979
0.02839,3980
0.02908,3981
0.02978,3982
0.03142,3983
0.02758,3984
0.0273,3985
0.02476,3986
0.02293,3987
0.02149,3988
0.0209,3989
0.02489,3990
0.03393,3991
0.04117,3992
0.04193,3993
0.04122,3994
0.06776,3995
0.05300,3996
0.04125,3997
0.03743,3998
0.03481,3999
0.03437,4000
