timestamp,energy_market_price,consumption_kwh
2014-01-01 00:00:00,2014-01-01 02:00:00,725.4018999999997
2014-01-01 01:00:00,2014-01-01 03:00:00,680.0011000000001
2014-01-01 02:00:00,2014-01-01 04:00:00,637.4609600000001
2014-01-01 03:00:00,2014-01-01 05:00:00,2725.631839999999
2014-01-01 04:00:00,2014-01-01 06:00:00,694.1801600000001
2014-01-01 05:00:00,2014-01-01 07:00:00,790.95022
2014-01-01 06:00:00,2014-01-01 08:00:00,5017.244919999999
2014-01-01 07:00:00,2014-01-01 09:00:00,1022.6000000000003
2014-01-01 08:00:00,2014-01-01 10:00:00,4218.181540000001
2014-01-01 09:00:00,2014-01-01 11:00:00,13653.752700000001
2014-01-01 10:00:00,2014-01-01 12:00:00,5329.739260000002
2014-01-01 11:00:00,2014-01-01 13:00:00,1070.2541999999999
2014-01-01 12:00:00,2014-01-01 14:00:00,6813.98384
2014-01-01 13:00:00,2014-01-01 15:00:00,10424.984320000003
2014-01-01 14:00:00,2014-01-01 16:00:00,8403.473379999998
2014-01-01 15:00:00,2014-01-01 17:00:00,4371.207440000002
2014-01-01 16:00:00,2014-01-01 18:00:00,1332.2110599999999
2014-01-01 17:00:00,2014-01-01 19:00:00,1418.1504800000005
2014-01-01 18:00:00,2014-01-01 20:00:00,1356.1261200000001
2014-01-01 19:00:00,2014-01-01 21:00:00,1264.2752400000002
2014-01-01 20:00:00,2014-01-01 22:00:00,1276.32208
2014-01-01 21:00:00,2014-01-01 23:00:00,1221.89668
2014-01-01 22:00:00,2014-01-02 00:00:00,4352.0289999999995
2014-01-01 23:00:00,2014-01-02 01:00:00,4195.773479999998
2014-01-02 00:00:00,2014-01-02 02:00:00,732.05206
2014-01-02 01:00:00,2014-01-02 03:00:00,690.8542000000002
2014-01-02 02:00:00,2014-01-02 04:00:00,678.36072
2014-01-02 03:00:00,2014-01-02 05:00:00,687.2664
2014-01-02 04:00:00,2014-01-02 06:00:00,709.2244399999997
2014-01-02 05:00:00,2014-01-02 07:00:00,823.1839200000002
2014-01-02 06:00:00,2014-01-02 08:00:00,877.1851999999998
2014-01-02 07:00:00,2014-01-02 09:00:00,955.2785600000004
2014-01-02 08:00:00,2014-01-02 10:00:00,1044.4922800000002
2014-01-02 09:00:00,2014-01-02 11:00:00,1077.54278
2014-01-02 10:00:00,2014-01-02 12:00:00,1102.0874199999998
2014-01-02 11:00:00,2014-01-02 13:00:00,7174.340280000001
2014-01-02 12:00:00,2014-01-02 14:00:00,1038.3430200000003
2014-01-02 13:00:00,2014-01-02 15:00:00,1112.81716
2014-01-02 14:00:00,2014-01-02 16:00:00,1171.68348
2014-01-02 15:00:00,2014-01-02 17:00:00,1255.4410400000002
2014-01-02 16:00:00,2014-01-02 18:00:00,1170.9067400000006
2014-01-02 17:00:00,2014-01-02 19:00:00,1291.7697200000002
2014-01-02 18:00:00,2014-01-02 20:00:00,1353.8223
2014-01-02 19:00:00,2014-01-02 21:00:00,1277.7445400000001
2014-01-02 20:00:00,2014-01-02 22:00:00,1299.1430400000004
2014-01-02 21:00:00,2014-01-02 23:00:00,1246.1177999999998
2014-01-02 22:00:00,2014-01-03 00:00:00,1240.78456
2014-01-02 23:00:00,2014-01-03 01:00:00,1105.4488
2014-01-03 00:00:00,2014-01-03 02:00:00,986.0351200000003
2014-01-03 01:00:00,2014-01-03 03:00:00,864.00182
2014-01-03 02:00:00,2014-01-03 04:00:00,837.3165400000003
2014-01-03 03:00:00,2014-01-03 05:00:00,747.85214
2014-01-03 04:00:00,2014-01-03 06:00:00,791.9877399999997
2014-01-03 05:00:00,2014-01-03 07:00:00,884.2795399999995
2014-01-03 06:00:00,2014-01-03 08:00:00,929.2242000000003
2014-01-03 07:00:00,2014-01-03 09:00:00,1111.77966
2014-01-03 08:00:00,2014-01-03 10:00:00,4824.356159999999
2014-01-03 09:00:00,2014-01-03 11:00:00,3323.1972600000004
2014-01-03 10:00:00,2014-01-03 12:00:00,1224.20756
2014-01-03 11:00:00,2014-01-03 13:00:00,1113.9421399999999
2014-01-03 12:00:00,2014-01-03 14:00:00,1211.30282
2014-01-03 13:00:00,2014-01-03 15:00:00,11286.376460000001
2014-01-03 14:00:00,2014-01-03 16:00:00,1175.3337399999998
2014-01-03 15:00:00,2014-01-03 17:00:00,1145.8320600000002
2014-01-03 16:00:00,2014-01-03 18:00:00,1112.74946
2014-01-03 17:00:00,2014-01-03 19:00:00,1200.4319400000002
2014-01-03 18:00:00,2014-01-03 20:00:00,1216.1736000000003
2014-01-03 19:00:00,2014-01-03 21:00:00,1234.9210000000003
2014-01-03 20:00:00,2014-01-03 22:00:00,6748.2255399999995
2014-01-03 21:00:00,2014-01-03 23:00:00,1361.66838
2014-01-03 22:00:00,2014-01-04 00:00:00,1015.0245
2014-01-03 23:00:00,2014-01-04 01:00:00,791.51988
2014-01-04 00:00:00,2014-01-04 02:00:00,660.1246799999999
2014-01-04 01:00:00,2014-01-04 03:00:00,612.3658600000001
2014-01-04 02:00:00,2014-01-04 04:00:00,606.8528
2014-01-04 03:00:00,2014-01-04 05:00:00,616.8666400000002
2014-01-04 04:00:00,2014-01-04 06:00:00,645.93456
2014-01-04 05:00:00,2014-01-04 07:00:00,694.1301399999999
2014-01-04 06:00:00,2014-01-04 08:00:00,2964.6684200000013
2014-01-04 07:00:00,2014-01-04 09:00:00,1019.7781200000004
2014-01-04 08:00:00,2014-01-04 10:00:00,1007.0642800000002
2014-01-04 09:00:00,2014-01-04 11:00:00,1142.9312
2014-01-04 10:00:00,2014-01-04 12:00:00,1089.9903199999997
2014-01-04 11:00:00,2014-01-04 13:00:00,1633.2453400000002
2014-01-04 12:00:00,2014-01-04 14:00:00,1006.9720800000001
2014-01-04 13:00:00,2014-01-04 15:00:00,966.6583
2014-01-04 14:00:00,2014-01-04 16:00:00,1047.68666
2014-01-04 15:00:00,2014-01-04 17:00:00,1127.6262000000002
2014-01-04 16:00:00,2014-01-04 18:00:00,12927.324980000003
2014-01-04 17:00:00,2014-01-04 19:00:00,5275.953560000002
2014-01-04 18:00:00,2014-01-04 20:00:00,1321.3199399999999
2014-01-04 19:00:00,2014-01-04 21:00:00,1209.88142
2014-01-04 20:00:00,2014-01-04 22:00:00,1345.84362
2014-01-04 21:00:00,2014-01-04 23:00:00,1223.6351600000003
2014-01-04 22:00:00,2014-01-05 00:00:00,989.26588
2014-01-04 23:00:00,2014-01-05 01:00:00,850.1959600000001
2014-01-05 00:00:00,2014-01-05 02:00:00,647.7907599999999
2014-01-05 01:00:00,2014-01-05 03:00:00,1102.1001400000002
2014-01-05 02:00:00,2014-01-05 04:00:00,588.1853799999999
2014-01-05 03:00:00,2014-01-05 05:00:00,623.59032
2014-01-05 04:00:00,2014-01-05 06:00:00,651.0178399999998
2014-01-05 05:00:00,2014-01-05 07:00:00,1220.1972999999996
2014-01-05 06:00:00,2014-01-05 08:00:00,865.7658999999999
2014-01-05 07:00:00,2014-01-05 09:00:00,931.73788
2014-01-05 08:00:00,2014-01-05 10:00:00,1017.4016800000002
2014-01-05 09:00:00,2014-01-05 11:00:00,5408.311640000001
2014-01-05 10:00:00,2014-01-05 12:00:00,3680.665280000001
2014-01-05 11:00:00,2014-01-05 13:00:00,1157.47368
2014-01-05 12:00:00,2014-01-05 14:00:00,4339.911640000001
2014-01-05 13:00:00,2014-01-05 15:00:00,1070.1941000000004
2014-01-05 14:00:00,2014-01-05 16:00:00,3567.7124
2014-01-05 15:00:00,2014-01-05 17:00:00,1126.1988399999998
2014-01-05 16:00:00,2014-01-05 18:00:00,1294.8685399999997
2014-01-05 17:00:00,2014-01-05 19:00:00,1446.8503800000003
2014-01-05 18:00:00,2014-01-05 20:00:00,5206.3288
2014-01-05 19:00:00,2014-01-05 21:00:00,1439.4020999999998
2014-01-05 20:00:00,2014-01-05 22:00:00,1278.0503800000006
2014-01-05 21:00:00,2014-01-05 23:00:00,4541.70822
2014-01-05 22:00:00,2014-01-06 00:00:00,1017.6092000000001
2014-01-05 23:00:00,2014-01-06 01:00:00,774.9215599999999
2014-01-06 00:00:00,2014-01-06 02:00:00,2720.5222600000006
2014-01-06 01:00:00,2014-01-06 03:00:00,703.4627800000001
2014-01-06 02:00:00,2014-01-06 04:00:00,651.42008
2014-01-06 03:00:00,2014-01-06 05:00:00,622.7346199999998
2014-01-06 04:00:00,2014-01-06 06:00:00,651.18716
2014-01-06 05:00:00,2014-01-06 07:00:00,703.6054200000001
2014-01-06 06:00:00,2014-01-06 08:00:00,1052.27068
2014-01-06 07:00:00,2014-01-06 09:00:00,1053.88852
2014-01-06 08:00:00,2014-01-06 10:00:00,1084.9248400000001
2014-01-06 09:00:00,2014-01-06 11:00:00,1080.6825000000006
2014-01-06 10:00:00,2014-01-06 12:00:00,1070.2338200000002
2014-01-06 11:00:00,2014-01-06 13:00:00,1078.4709599999999
2014-01-06 12:00:00,2014-01-06 14:00:00,1060.0774
2014-01-06 13:00:00,2014-01-06 15:00:00,1213.1437200000003
2014-01-06 14:00:00,2014-01-06 16:00:00,1083.6971399999998
2014-01-06 15:00:00,2014-01-06 17:00:00,1171.1739000000005
2014-01-06 16:00:00,2014-01-06 18:00:00,4899.431940000001
2014-01-06 17:00:00,2014-01-06 19:00:00,1400.2686600000002
2014-01-06 18:00:00,2014-01-06 20:00:00,1415.4179600000002
2014-01-06 19:00:00,2014-01-06 21:00:00,1391.0595200000002
2014-01-06 20:00:00,2014-01-06 22:00:00,10139.348260000002
2014-01-06 21:00:00,2014-01-06 23:00:00,3740.2690200000006
2014-01-06 22:00:00,2014-01-07 00:00:00,6129.6840600000005
2014-01-06 23:00:00,2014-01-07 01:00:00,811.5232600000005
2014-01-07 00:00:00,2014-01-07 02:00:00,756.2732400000001
2014-01-07 01:00:00,2014-01-07 03:00:00,713.1151400000001
2014-01-07 02:00:00,2014-01-07 04:00:00,717.1424599999999
2014-01-07 03:00:00,2014-01-07 05:00:00,711.6824399999998
2014-01-07 04:00:00,2014-01-07 06:00:00,744.4561000000001
2014-01-07 05:00:00,2014-01-07 07:00:00,833.5057599999999
2014-01-07 06:00:00,2014-01-07 08:00:00,908.8659
2014-01-07 07:00:00,2014-01-07 09:00:00,24835.476240000007
2014-01-07 08:00:00,2014-01-07 10:00:00,1177.9394599999998
2014-01-07 09:00:00,2014-01-07 11:00:00,1240.9550999999997
2014-01-07 10:00:00,2014-01-07 12:00:00,1064.9315800000002
2014-01-07 11:00:00,2014-01-07 13:00:00,985.7234799999998
2014-01-07 12:00:00,2014-01-07 14:00:00,1110.8910400000002
2014-01-07 13:00:00,2014-01-07 15:00:00,1151.93478
2014-01-07 14:00:00,2014-01-07 16:00:00,1112.4442599999993
2014-01-07 15:00:00,2014-01-07 17:00:00,1212.4771199999998
2014-01-07 16:00:00,2014-01-07 18:00:00,1362.5435
2014-01-07 17:00:00,2014-01-07 19:00:00,1270.48402
2014-01-07 18:00:00,2014-01-07 20:00:00,6934.308280000002
2014-01-07 19:00:00,2014-01-07 21:00:00,14752.404020000002
2014-01-07 20:00:00,2014-01-07 22:00:00,1463.6579
2014-01-07 21:00:00,2014-01-07 23:00:00,1216.2049799999995
2014-01-07 22:00:00,2014-01-08 00:00:00,978.01244
2014-01-07 23:00:00,2014-01-08 01:00:00,808.6151600000002
2014-01-08 00:00:00,2014-01-08 02:00:00,756.4811
2014-01-08 01:00:00,2014-01-08 03:00:00,728.73456
2014-01-08 02:00:00,2014-01-08 04:00:00,732.7594399999998
2014-01-08 03:00:00,2014-01-08 05:00:00,711.99982
2014-01-08 04:00:00,2014-01-08 06:00:00,731.64654
2014-01-08 05:00:00,2014-01-08 07:00:00,796.6166199999998
2014-01-08 06:00:00,2014-01-08 08:00:00,892.44082
2014-01-08 07:00:00,2014-01-08 09:00:00,1037.08182
2014-01-08 08:00:00,2014-01-08 10:00:00,3760.8955200000005
2014-01-08 09:00:00,2014-01-08 11:00:00,1172.8983199999998
2014-01-08 10:00:00,2014-01-08 12:00:00,1112.3330400000004
2014-01-08 11:00:00,2014-01-08 13:00:00,1277.6679399999998
2014-01-08 12:00:00,2014-01-08 14:00:00,1180.2366400000003
2014-01-08 13:00:00,2014-01-08 15:00:00,1096.4877600000002
2014-01-08 14:00:00,2014-01-08 16:00:00,1141.2075200000004
2014-01-08 15:00:00,2014-01-08 17:00:00,1184.5749200000002
2014-01-08 16:00:00,2014-01-08 18:00:00,1252.3594399999997
2014-01-08 17:00:00,2014-01-08 19:00:00,1491.3472399999998
2014-01-08 18:00:00,2014-01-08 20:00:00,1407.3040199999998
2014-01-08 19:00:00,2014-01-08 21:00:00,1394.2188
2014-01-08 20:00:00,2014-01-08 22:00:00,1318.13988
2014-01-08 21:00:00,2014-01-08 23:00:00,1131.60832
2014-01-08 22:00:00,2014-01-09 00:00:00,974.1288800000001
2014-01-08 23:00:00,2014-01-09 01:00:00,835.52228
2014-01-09 00:00:00,2014-01-09 02:00:00,714.55732
2014-01-09 01:00:00,2014-01-09 03:00:00,645.5740399999999
2014-01-09 02:00:00,2014-01-09 04:00:00,656.66966
2014-01-09 03:00:00,2014-01-09 05:00:00,2706.7339200000006
2014-01-09 04:00:00,2014-01-09 06:00:00,684.2721600000001
2014-01-09 05:00:00,2014-01-09 07:00:00,732.80768
2014-01-09 06:00:00,2014-01-09 08:00:00,898.6137599999998
2014-01-09 07:00:00,2014-01-09 09:00:00,6108.794960000002
2014-01-09 08:00:00,2014-01-09 10:00:00,1230.46982
2014-01-09 09:00:00,2014-01-09 11:00:00,1210.6333
2014-01-09 10:00:00,2014-01-09 12:00:00,1120.2669199999998
2014-01-09 11:00:00,2014-01-09 13:00:00,1086.2329
2014-01-09 12:00:00,2014-01-09 14:00:00,1100.9856399999994
2014-01-09 13:00:00,2014-01-09 15:00:00,1200.2402200000004
2014-01-09 14:00:00,2014-01-09 16:00:00,1180.0986200000002
2014-01-09 15:00:00,2014-01-09 17:00:00,1215.80366
2014-01-09 16:00:00,2014-01-09 18:00:00,1345.2834800000003
2014-01-09 17:00:00,2014-01-09 19:00:00,1364.4927400000001
2014-01-09 18:00:00,2014-01-09 20:00:00,1390.1934599999995
2014-01-09 19:00:00,2014-01-09 21:00:00,1393.369
2014-01-09 20:00:00,2014-01-09 22:00:00,5215.071800000001
2014-01-09 21:00:00,2014-01-09 23:00:00,1151.0934200000002
2014-01-09 22:00:00,2014-01-10 00:00:00,1038.85974
2014-01-09 23:00:00,2014-01-10 01:00:00,875.7141200000001
2014-01-10 00:00:00,2014-01-10 02:00:00,694.49582
2014-01-10 01:00:00,2014-01-10 03:00:00,656.0800399999999
2014-01-10 02:00:00,2014-01-10 04:00:00,694.56176
2014-01-10 03:00:00,2014-01-10 05:00:00,656.37866
2014-01-10 04:00:00,2014-01-10 06:00:00,687.3761800000001
2014-01-10 05:00:00,2014-01-10 07:00:00,708.4768200000002
2014-01-10 06:00:00,2014-01-10 08:00:00,860.3774200000004
2014-01-10 07:00:00,2014-01-10 09:00:00,5754.76678
2014-01-10 08:00:00,2014-01-10 10:00:00,8418.002439999998
2014-01-10 09:00:00,2014-01-10 11:00:00,1304.6489600000002
2014-01-10 10:00:00,2014-01-10 12:00:00,1233.5145800000003
2014-01-10 11:00:00,2014-01-10 13:00:00,1276.0364000000004
2014-01-10 12:00:00,2014-01-10 14:00:00,4843.676439999999
2014-01-10 13:00:00,2014-01-10 15:00:00,1273.9035000000001
2014-01-10 14:00:00,2014-01-10 16:00:00,1299.35186
2014-01-10 15:00:00,2014-01-10 17:00:00,1260.1781800000006
2014-01-10 16:00:00,2014-01-10 18:00:00,1387.2317600000003
2014-01-10 17:00:00,2014-01-10 19:00:00,1488.0070199999998
2014-01-10 18:00:00,2014-01-10 20:00:00,5343.748580000002
2014-01-10 19:00:00,2014-01-10 21:00:00,1427.7156400000001
2014-01-10 20:00:00,2014-01-10 22:00:00,1511.01932
2014-01-10 21:00:00,2014-01-10 23:00:00,1219.0855000000004
2014-01-10 22:00:00,2014-01-11 00:00:00,1063.5579599999999
2014-01-10 23:00:00,2014-01-11 01:00:00,842.2009999999999
2014-01-11 00:00:00,2014-01-11 02:00:00,735.0095800000001
2014-01-11 01:00:00,2014-01-11 03:00:00,723.1475399999998
2014-01-11 02:00:00,2014-01-11 04:00:00,691.50964
2014-01-11 03:00:00,2014-01-11 05:00:00,2725.1819399999995
2014-01-11 04:00:00,2014-01-11 06:00:00,687.6548200000001
2014-01-11 05:00:00,2014-01-11 07:00:00,787.4838000000001
2014-01-11 06:00:00,2014-01-11 08:00:00,944.8822800000002
2014-01-11 07:00:00,2014-01-11 09:00:00,1063.4754800000003
2014-01-11 08:00:00,2014-01-11 10:00:00,1064.70188
2014-01-11 09:00:00,2014-01-11 11:00:00,1188.2843200000002
2014-01-11 10:00:00,2014-01-11 12:00:00,1207.4644199999998
2014-01-11 11:00:00,2014-01-11 13:00:00,1195.99252
2014-01-11 12:00:00,2014-01-11 14:00:00,1194.3251999999998
2014-01-11 13:00:00,2014-01-11 15:00:00,1515.2373800000005
2014-01-11 14:00:00,2014-01-11 16:00:00,1035.9436400000002
2014-01-11 15:00:00,2014-01-11 17:00:00,4556.961479999999
2014-01-11 16:00:00,2014-01-11 18:00:00,3870.205499999999
2014-01-11 17:00:00,2014-01-11 19:00:00,7302.373579999998
2014-01-11 18:00:00,2014-01-11 20:00:00,1415.4995200000003
2014-01-11 19:00:00,2014-01-11 21:00:00,6945.6395600000005
2014-01-11 20:00:00,2014-01-11 22:00:00,1460.1420000000003
2014-01-11 21:00:00,2014-01-11 23:00:00,1477.1197800000002
2014-01-11 22:00:00,2014-01-12 00:00:00,4299.71818
2014-01-11 23:00:00,2014-01-12 01:00:00,778.16862
2014-01-12 00:00:00,2014-01-12 02:00:00,701.2680799999999
2014-01-12 01:00:00,2014-01-12 03:00:00,2710.3199999999993
2014-01-12 02:00:00,2014-01-12 04:00:00,672.6919800000001
2014-01-12 03:00:00,2014-01-12 05:00:00,630.9353399999999
2014-01-12 04:00:00,2014-01-12 06:00:00,694.2013200000001
2014-01-12 05:00:00,2014-01-12 07:00:00,3040.004960000001
2014-01-12 06:00:00,2014-01-12 08:00:00,959.8911399999997
2014-01-12 07:00:00,2014-01-12 09:00:00,3066.5534999999995
2014-01-12 08:00:00,2014-01-12 10:00:00,1050.6999600000004
2014-01-12 09:00:00,2014-01-12 11:00:00,3120.6958800000007
2014-01-12 10:00:00,2014-01-12 12:00:00,1201.65282
2014-01-12 11:00:00,2014-01-12 13:00:00,1183.3976199999997
2014-01-12 12:00:00,2014-01-12 14:00:00,6487.485240000001
2014-01-12 13:00:00,2014-01-12 15:00:00,1101.35982
2014-01-12 14:00:00,2014-01-12 16:00:00,1035.62462
2014-01-12 15:00:00,2014-01-12 17:00:00,1100.9100799999999
2014-01-12 16:00:00,2014-01-12 18:00:00,1238.75344
2014-01-12 17:00:00,2014-01-12 19:00:00,6178.0033
2014-01-12 18:00:00,2014-01-12 20:00:00,1292.53236
2014-01-12 19:00:00,2014-01-12 21:00:00,1313.3569199999993
2014-01-12 20:00:00,2014-01-12 22:00:00,1383.53768
2014-01-12 21:00:00,2014-01-12 23:00:00,1300.3064000000002
2014-01-12 22:00:00,2014-01-13 00:00:00,1069.9712
2014-01-12 23:00:00,2014-01-13 01:00:00,774.2569399999999
2014-01-13 00:00:00,2014-01-13 02:00:00,648.3613599999996
2014-01-13 01:00:00,2014-01-13 03:00:00,690.34478
2014-01-13 02:00:00,2014-01-13 04:00:00,2713.02534
2014-01-13 03:00:00,2014-01-13 05:00:00,2710.8073999999992
2014-01-13 04:00:00,2014-01-13 06:00:00,2715.32428
2014-01-13 05:00:00,2014-01-13 07:00:00,766.0919599999999
2014-01-13 06:00:00,2014-01-13 08:00:00,934.6436200000004
2014-01-13 07:00:00,2014-01-13 09:00:00,1045.2880799999998
2014-01-13 08:00:00,2014-01-13 10:00:00,1090.0952
2014-01-13 09:00:00,2014-01-13 11:00:00,1163.15328
2014-01-13 10:00:00,2014-01-13 12:00:00,1139.7231599999998
2014-01-13 11:00:00,2014-01-13 13:00:00,1096.9617200000002
2014-01-13 12:00:00,2014-01-13 14:00:00,10499.41286
2014-01-13 13:00:00,2014-01-13 15:00:00,4128.33908
2014-01-13 14:00:00,2014-01-13 16:00:00,995.2218999999998
2014-01-13 15:00:00,2014-01-13 17:00:00,1034.01864
2014-01-13 16:00:00,2014-01-13 18:00:00,1197.34074
2014-01-13 17:00:00,2014-01-13 19:00:00,1232.9668599999998
2014-01-13 18:00:00,2014-01-13 20:00:00,6709.257479999999
2014-01-13 19:00:00,2014-01-13 21:00:00,14319.281159999999
2014-01-13 20:00:00,2014-01-13 22:00:00,6254.278039999998
2014-01-13 21:00:00,2014-01-13 23:00:00,3164.6230200000005
2014-01-13 22:00:00,2014-01-14 00:00:00,972.2764999999997
2014-01-13 23:00:00,2014-01-14 01:00:00,728.0347800000002
2014-01-14 00:00:00,2014-01-14 02:00:00,7404.318960000003
2014-01-14 01:00:00,2014-01-14 03:00:00,15407.512640000003
2014-01-14 02:00:00,2014-01-14 04:00:00,4717.424340000002
2014-01-14 03:00:00,2014-01-14 05:00:00,566.1796599999999
2014-01-14 04:00:00,2014-01-14 06:00:00,603.72798
2014-01-14 05:00:00,2014-01-14 07:00:00,2691.7906400000006
2014-01-14 06:00:00,2014-01-14 08:00:00,5342.213600000003
2014-01-14 07:00:00,2014-01-14 09:00:00,3241.5443
2014-01-14 08:00:00,2014-01-14 10:00:00,1033.9716199999998
2014-01-14 09:00:00,2014-01-14 11:00:00,2609.524539999999
2014-01-14 10:00:00,2014-01-14 12:00:00,990.8327200000003
2014-01-14 11:00:00,2014-01-14 13:00:00,1007.5935600000001
2014-01-14 12:00:00,2014-01-14 14:00:00,4066.040280000001
2014-01-14 13:00:00,2014-01-14 15:00:00,5153.99336
2014-01-14 14:00:00,2014-01-14 16:00:00,1047.5665000000001
2014-01-14 15:00:00,2014-01-14 17:00:00,2106.3871000000004
2014-01-14 16:00:00,2014-01-14 18:00:00,4714.27578
2014-01-14 17:00:00,2014-01-14 19:00:00,1275.6091999999999
2014-01-14 18:00:00,2014-01-14 20:00:00,1218.84966
2014-01-14 19:00:00,2014-01-14 21:00:00,1344.5937599999997
2014-01-14 20:00:00,2014-01-14 22:00:00,6239.89892
2014-01-14 21:00:00,2014-01-14 23:00:00,1048.42778
2014-01-14 22:00:00,2014-01-15 00:00:00,886.56516
2014-01-14 23:00:00,2014-01-15 01:00:00,4023.7704800000006
2014-01-15 00:00:00,2014-01-15 02:00:00,596.21426
2014-01-15 01:00:00,2014-01-15 03:00:00,552.3446
2014-01-15 02:00:00,2014-01-15 04:00:00,549.68594
2014-01-15 03:00:00,2014-01-15 05:00:00,2580.5218600000003
2014-01-15 04:00:00,2014-01-15 06:00:00,1154.68994
2014-01-15 05:00:00,2014-01-15 07:00:00,649.4188200000001
2014-01-15 06:00:00,2014-01-15 08:00:00,856.50318
2014-01-15 07:00:00,2014-01-15 09:00:00,878.7690599999995
2014-01-15 08:00:00,2014-01-15 10:00:00,3521.848640000001
2014-01-15 09:00:00,2014-01-15 11:00:00,975.51914
2014-01-15 10:00:00,2014-01-15 12:00:00,991.4841000000001
2014-01-15 11:00:00,2014-01-15 13:00:00,4079.968260000002
2014-01-15 12:00:00,2014-01-15 14:00:00,1113.53362
2014-01-15 13:00:00,2014-01-15 15:00:00,16906.51677999999
2014-01-15 14:00:00,2014-01-15 16:00:00,998.89718
2014-01-15 15:00:00,2014-01-15 17:00:00,983.7915800000001
2014-01-15 16:00:00,2014-01-15 18:00:00,8547.721819999999
2014-01-15 17:00:00,2014-01-15 19:00:00,1219.01202
2014-01-15 18:00:00,2014-01-15 20:00:00,3278.43062
2014-01-15 19:00:00,2014-01-15 21:00:00,2595.1446
2014-01-15 20:00:00,2014-01-15 22:00:00,1261.9108799999997
2014-01-15 21:00:00,2014-01-15 23:00:00,12329.624
2014-01-15 22:00:00,2014-01-16 00:00:00,910.6955799999998
2014-01-15 23:00:00,2014-01-16 01:00:00,694.8060800000002
2014-01-16 00:00:00,2014-01-16 02:00:00,615.6555
2014-01-16 01:00:00,2014-01-16 03:00:00,573.8458200000002
2014-01-16 02:00:00,2014-01-16 04:00:00,578.9323
2014-01-16 03:00:00,2014-01-16 05:00:00,2643.1227000000003
2014-01-16 04:00:00,2014-01-16 06:00:00,5213.4666000000025
2014-01-16 05:00:00,2014-01-16 07:00:00,1170.468
2014-01-16 06:00:00,2014-01-16 08:00:00,787.0322999999999
2014-01-16 07:00:00,2014-01-16 09:00:00,959.1479999999999
2014-01-16 08:00:00,2014-01-16 10:00:00,1660.1090399999998
2014-01-16 09:00:00,2014-01-16 11:00:00,6184.632519999998
2014-01-16 10:00:00,2014-01-16 12:00:00,5985.019899999998
2014-01-16 11:00:00,2014-01-16 13:00:00,1210.02028
2014-01-16 12:00:00,2014-01-16 14:00:00,1007.8632200000004
2014-01-16 13:00:00,2014-01-16 15:00:00,4851.263579999997
2014-01-16 14:00:00,2014-01-16 16:00:00,5642.3064
2014-01-16 15:00:00,2014-01-16 17:00:00,9007.640380000003
2014-01-16 16:00:00,2014-01-16 18:00:00,10676.219099999998
2014-01-16 17:00:00,2014-01-16 19:00:00,6129.781800000002
2014-01-16 18:00:00,2014-01-16 20:00:00,1232.5386
2014-01-16 19:00:00,2014-01-16 21:00:00,1255.9796599999997
2014-01-16 20:00:00,2014-01-16 22:00:00,16514.554
2014-01-16 21:00:00,2014-01-16 23:00:00,3824.340799999998
2014-01-16 22:00:00,2014-01-17 00:00:00,4284.0506
2014-01-16 23:00:00,2014-01-17 01:00:00,782.7685399999996
2014-01-17 00:00:00,2014-01-17 02:00:00,3260.604060000001
2014-01-17 01:00:00,2014-01-17 03:00:00,642.4800399999997
2014-01-17 02:00:00,2014-01-17 04:00:00,671.7395800000002
2014-01-17 03:00:00,2014-01-17 05:00:00,629.94678
2014-01-17 04:00:00,2014-01-17 06:00:00,1163.4122399999999
2014-01-17 05:00:00,2014-01-17 07:00:00,695.1666799999999
2014-01-17 06:00:00,2014-01-17 08:00:00,804.1721799999997
2014-01-17 07:00:00,2014-01-17 09:00:00,973.9056200000001
2014-01-17 08:00:00,2014-01-17 10:00:00,1117.1905000000004
2014-01-17 09:00:00,2014-01-17 11:00:00,1048.96448
2014-01-17 10:00:00,2014-01-17 12:00:00,1173.6478399999992
2014-01-17 11:00:00,2014-01-17 13:00:00,1140.8082800000002
2014-01-17 12:00:00,2014-01-17 14:00:00,7099.744500000001
2014-01-17 13:00:00,2014-01-17 15:00:00,4324.905919999998
2014-01-17 14:00:00,2014-01-17 16:00:00,1263.79988
2014-01-17 15:00:00,2014-01-17 17:00:00,3655.5783799999986
2014-01-17 16:00:00,2014-01-17 18:00:00,1317.9438000000007
2014-01-17 17:00:00,2014-01-17 19:00:00,1373.6998200000005
2014-01-17 18:00:00,2014-01-17 20:00:00,3159.160979999998
2014-01-17 19:00:00,2014-01-17 21:00:00,1252.99144
2014-01-17 20:00:00,2014-01-17 22:00:00,1247.8589399999998
2014-01-17 21:00:00,2014-01-17 23:00:00,1245.4820000000002
2014-01-17 22:00:00,2014-01-18 00:00:00,2530.1309800000004
2014-01-17 23:00:00,2014-01-18 01:00:00,815.6545600000001
2014-01-18 00:00:00,2014-01-18 02:00:00,698.2120200000002
2014-01-18 01:00:00,2014-01-18 03:00:00,629.3358400000001
2014-01-18 02:00:00,2014-01-18 04:00:00,611.18128
2014-01-18 03:00:00,2014-01-18 05:00:00,641.7709600000002
2014-01-18 04:00:00,2014-01-18 06:00:00,625.3287800000003
2014-01-18 05:00:00,2014-01-18 07:00:00,754.50776
2014-01-18 06:00:00,2014-01-18 08:00:00,898.16208
2014-01-18 07:00:00,2014-01-18 09:00:00,924.4948
2014-01-18 08:00:00,2014-01-18 10:00:00,1072.35754
2014-01-18 09:00:00,2014-01-18 11:00:00,13443.085459999997
2014-01-18 10:00:00,2014-01-18 12:00:00,1019.0881399999997
2014-01-18 11:00:00,2014-01-18 13:00:00,4668.576940000001
2014-01-18 12:00:00,2014-01-18 14:00:00,5701.458100000002
2014-01-18 13:00:00,2014-01-18 15:00:00,991.6679599999998
2014-01-18 14:00:00,2014-01-18 16:00:00,5062.271120000002
2014-01-18 15:00:00,2014-01-18 17:00:00,1058.3043599999996
2014-01-18 16:00:00,2014-01-18 18:00:00,3880.1320600000004
2014-01-18 17:00:00,2014-01-18 19:00:00,1193.2685000000001
2014-01-18 18:00:00,2014-01-18 20:00:00,1244.4079600000002
2014-01-18 19:00:00,2014-01-18 21:00:00,4015.5738000000006
2014-01-18 20:00:00,2014-01-18 22:00:00,1160.79868
2014-01-18 21:00:00,2014-01-18 23:00:00,1272.6747600000003
2014-01-18 22:00:00,2014-01-19 00:00:00,1039.9388400000003
2014-01-18 23:00:00,2014-01-19 01:00:00,789.9708200000002
2014-01-19 00:00:00,2014-01-19 02:00:00,690.3739000000002
2014-01-19 01:00:00,2014-01-19 03:00:00,585.16024
2014-01-19 02:00:00,2014-01-19 04:00:00,2623.8415200000004
2014-01-19 03:00:00,2014-01-19 05:00:00,585.98832
2014-01-19 04:00:00,2014-01-19 06:00:00,630.6795
2014-01-19 05:00:00,2014-01-19 07:00:00,754.9489600000002
2014-01-19 06:00:00,2014-01-19 08:00:00,4136.29544
2014-01-19 07:00:00,2014-01-19 09:00:00,870.3266399999998
2014-01-19 08:00:00,2014-01-19 10:00:00,907.6920400000004
2014-01-19 09:00:00,2014-01-19 11:00:00,1044.1294799999998
2014-01-19 10:00:00,2014-01-19 12:00:00,4103.7691
2014-01-19 11:00:00,2014-01-19 13:00:00,927.5893400000001
2014-01-19 12:00:00,2014-01-19 14:00:00,3458.53738
2014-01-19 13:00:00,2014-01-19 15:00:00,994.9916800000002
2014-01-19 14:00:00,2014-01-19 16:00:00,1019.52504
2014-01-19 15:00:00,2014-01-19 17:00:00,3199.93218
2014-01-19 16:00:00,2014-01-19 18:00:00,1140.5370200000002
2014-01-19 17:00:00,2014-01-19 19:00:00,1212.44302
2014-01-19 18:00:00,2014-01-19 20:00:00,3183.47764
2014-01-19 19:00:00,2014-01-19 21:00:00,1195.13678
2014-01-19 20:00:00,2014-01-19 22:00:00,4562.995919999999
2014-01-19 21:00:00,2014-01-19 23:00:00,1106.3540799999996
2014-01-19 22:00:00,2014-01-20 00:00:00,1018.2387799999997
2014-01-19 23:00:00,2014-01-20 01:00:00,794.8830800000001
2014-01-20 00:00:00,2014-01-20 02:00:00,665.1352200000002
2014-01-20 01:00:00,2014-01-20 03:00:00,607.5430000000001
2014-01-20 02:00:00,2014-01-20 04:00:00,2630.4163000000003
2014-01-20 03:00:00,2014-01-20 05:00:00,594.0321800000002
2014-01-20 04:00:00,2014-01-20 06:00:00,610.01134
2014-01-20 05:00:00,2014-01-20 07:00:00,747.57126
2014-01-20 06:00:00,2014-01-20 08:00:00,15309.123260000006
2014-01-20 07:00:00,2014-01-20 09:00:00,3661.437100000001
2014-01-20 08:00:00,2014-01-20 10:00:00,1186.84716
2014-01-20 09:00:00,2014-01-20 11:00:00,1041.0580799999998
2014-01-20 10:00:00,2014-01-20 12:00:00,6643.507960000001
2014-01-20 11:00:00,2014-01-20 13:00:00,4800.601620000001
2014-01-20 12:00:00,2014-01-20 14:00:00,1155.05806
2014-01-20 13:00:00,2014-01-20 15:00:00,1059.3395400000002
2014-01-20 14:00:00,2014-01-20 16:00:00,991.1047599999999
2014-01-20 15:00:00,2014-01-20 17:00:00,1083.3020800000002
2014-01-20 16:00:00,2014-01-20 18:00:00,1345.61994
2014-01-20 17:00:00,2014-01-20 19:00:00,4750.6718999999985
2014-01-20 18:00:00,2014-01-20 20:00:00,3789.2149400000008
2014-01-20 19:00:00,2014-01-20 21:00:00,6253.006579999999
2014-01-20 20:00:00,2014-01-20 22:00:00,7072.951280000001
2014-01-20 21:00:00,2014-01-20 23:00:00,1242.1126799999997
2014-01-20 22:00:00,2014-01-21 00:00:00,935.315
2014-01-20 23:00:00,2014-01-21 01:00:00,746.1829000000001
2014-01-21 00:00:00,2014-01-21 02:00:00,698.7697600000001
2014-01-21 01:00:00,2014-01-21 03:00:00,664.06004
2014-01-21 02:00:00,2014-01-21 04:00:00,645.4935399999998
2014-01-21 03:00:00,2014-01-21 05:00:00,620.9380399999999
2014-01-21 04:00:00,2014-01-21 06:00:00,5844.381299999999
2014-01-21 05:00:00,2014-01-21 07:00:00,804.11082
2014-01-21 06:00:00,2014-01-21 08:00:00,913.8805200000002
2014-01-21 07:00:00,2014-01-21 09:00:00,3476.393440000001
2014-01-21 08:00:00,2014-01-21 10:00:00,4125.634620000001
2014-01-21 09:00:00,2014-01-21 11:00:00,4154.153939999999
2014-01-21 10:00:00,2014-01-21 12:00:00,894.4575799999996
2014-01-21 11:00:00,2014-01-21 13:00:00,991.2849199999999
2014-01-21 12:00:00,2014-01-21 14:00:00,952.72968
2014-01-21 13:00:00,2014-01-21 15:00:00,1050.50524
2014-01-21 14:00:00,2014-01-21 16:00:00,12104.317679999996
2014-01-21 15:00:00,2014-01-21 17:00:00,2232.8437
2014-01-21 16:00:00,2014-01-21 18:00:00,1158.3973000000005
2014-01-21 17:00:00,2014-01-21 19:00:00,1291.4512399999999
2014-01-21 18:00:00,2014-01-21 20:00:00,4458.42584
2014-01-21 19:00:00,2014-01-21 21:00:00,1213.67008
2014-01-21 20:00:00,2014-01-21 22:00:00,1214.8437199999994
2014-01-21 21:00:00,2014-01-21 23:00:00,1101.5812799999997
2014-01-21 22:00:00,2014-01-22 00:00:00,913.8575000000001
2014-01-21 23:00:00,2014-01-22 01:00:00,676.5680400000002
2014-01-22 00:00:00,2014-01-22 02:00:00,613.0008600000001
2014-01-22 01:00:00,2014-01-22 03:00:00,524.7419999999998
2014-01-22 02:00:00,2014-01-22 04:00:00,570.04196
2014-01-22 03:00:00,2014-01-22 05:00:00,577.9270799999999
2014-01-22 04:00:00,2014-01-22 06:00:00,587.4793399999999
2014-01-22 05:00:00,2014-01-22 07:00:00,711.6578200000002
2014-01-22 06:00:00,2014-01-22 08:00:00,819.63322
2014-01-22 07:00:00,2014-01-22 09:00:00,1936.08478
2014-01-22 08:00:00,2014-01-22 10:00:00,919.8249400000001
2014-01-22 09:00:00,2014-01-22 11:00:00,1026.3541
2014-01-22 10:00:00,2014-01-22 12:00:00,1182.4343599999997
2014-01-22 11:00:00,2014-01-22 13:00:00,1294.8974000000003
2014-01-22 12:00:00,2014-01-22 14:00:00,1047.0348800000002
2014-01-22 13:00:00,2014-01-22 15:00:00,9073.881179999997
2014-01-22 14:00:00,2014-01-22 16:00:00,1155.5303400000003
2014-01-22 15:00:00,2014-01-22 17:00:00,1033.4694399999998
2014-01-22 16:00:00,2014-01-22 18:00:00,1231.03454
2014-01-22 17:00:00,2014-01-22 19:00:00,5141.577360000001
2014-01-22 18:00:00,2014-01-22 20:00:00,1195.4943200000002
2014-01-22 19:00:00,2014-01-22 21:00:00,3998.659860000002
2014-01-22 20:00:00,2014-01-22 22:00:00,1196.3934800000002
2014-01-22 21:00:00,2014-01-22 23:00:00,1142.3416000000004
2014-01-22 22:00:00,2014-01-23 00:00:00,937.0797799999998
2014-01-22 23:00:00,2014-01-23 01:00:00,714.4894199999999
2014-01-23 00:00:00,2014-01-23 02:00:00,1870.8318
2014-01-23 01:00:00,2014-01-23 03:00:00,575.3090599999999
2014-01-23 02:00:00,2014-01-23 04:00:00,559.1274
2014-01-23 03:00:00,2014-01-23 05:00:00,567.0440999999998
2014-01-23 04:00:00,2014-01-23 06:00:00,1124.5571000000002
2014-01-23 05:00:00,2014-01-23 07:00:00,559.3464399999998
2014-01-23 06:00:00,2014-01-23 08:00:00,675.1343600000004
2014-01-23 07:00:00,2014-01-23 09:00:00,1393.6118800000004
2014-01-23 08:00:00,2014-01-23 10:00:00,935.5863600000004
2014-01-23 09:00:00,2014-01-23 11:00:00,1052.93338
2014-01-23 10:00:00,2014-01-23 12:00:00,1099.7618
2014-01-23 11:00:00,2014-01-23 13:00:00,942.0527599999998
2014-01-23 12:00:00,2014-01-23 14:00:00,1105.2125599999997
2014-01-23 13:00:00,2014-01-23 15:00:00,10846.060580000003
2014-01-23 14:00:00,2014-01-23 16:00:00,1079.6863799999999
2014-01-23 15:00:00,2014-01-23 17:00:00,1098.0034399999995
2014-01-23 16:00:00,2014-01-23 18:00:00,1049.5240599999997
2014-01-23 17:00:00,2014-01-23 19:00:00,1157.7985999999999
2014-01-23 18:00:00,2014-01-23 20:00:00,1133.5568000000003
2014-01-23 19:00:00,2014-01-23 21:00:00,1111.6230399999997
2014-01-23 20:00:00,2014-01-23 22:00:00,1052.9398999999999
2014-01-23 21:00:00,2014-01-23 23:00:00,992.3633800000001
2014-01-23 22:00:00,2014-01-24 00:00:00,883.14388
2014-01-23 23:00:00,2014-01-24 01:00:00,723.6561799999998
2014-01-24 00:00:00,2014-01-24 02:00:00,593.2870600000001
2014-01-24 01:00:00,2014-01-24 03:00:00,567.6109800000002
2014-01-24 02:00:00,2014-01-24 04:00:00,1045.48596
2014-01-24 03:00:00,2014-01-24 05:00:00,480.43735999999996
2014-01-24 04:00:00,2014-01-24 06:00:00,460.7451999999999
2014-01-24 05:00:00,2014-01-24 07:00:00,539.2274799999999
2014-01-24 06:00:00,2014-01-24 08:00:00,640.6591999999999
2014-01-24 07:00:00,2014-01-24 09:00:00,793.22554
2014-01-24 08:00:00,2014-01-24 10:00:00,1022.5006400000002
2014-01-24 09:00:00,2014-01-24 11:00:00,913.46208
2014-01-24 10:00:00,2014-01-24 12:00:00,987.8562599999998
2014-01-24 11:00:00,2014-01-24 13:00:00,1131.6896400000005
2014-01-24 12:00:00,2014-01-24 14:00:00,3568.5089000000025
2014-01-24 13:00:00,2014-01-24 15:00:00,1130.6362399999998
2014-01-24 14:00:00,2014-01-24 16:00:00,892.93044
2014-01-24 15:00:00,2014-01-24 17:00:00,889.2134000000001
2014-01-24 16:00:00,2014-01-24 18:00:00,988.9534600000002
2014-01-24 17:00:00,2014-01-24 19:00:00,1114.14468
2014-01-24 18:00:00,2014-01-24 20:00:00,1213.2722400000005
2014-01-24 19:00:00,2014-01-24 21:00:00,1212.03976
2014-01-24 20:00:00,2014-01-24 22:00:00,9322.31606
2014-01-24 21:00:00,2014-01-24 23:00:00,1043.0925800000002
2014-01-24 22:00:00,2014-01-25 00:00:00,876.1076800000001
2014-01-24 23:00:00,2014-01-25 01:00:00,701.8205799999997
2014-01-25 00:00:00,2014-01-25 02:00:00,605.4508
2014-01-25 01:00:00,2014-01-25 03:00:00,606.5250199999998
2014-01-25 02:00:00,2014-01-25 04:00:00,557.46546
2014-01-25 03:00:00,2014-01-25 05:00:00,590.9701399999999
2014-01-25 04:00:00,2014-01-25 06:00:00,580.7216800000002
2014-01-25 05:00:00,2014-01-25 07:00:00,4102.2202800000005
2014-01-25 06:00:00,2014-01-25 08:00:00,7455.791259999999
2014-01-25 07:00:00,2014-01-25 09:00:00,2580.50464
2014-01-25 08:00:00,2014-01-25 10:00:00,5214.17298
2014-01-25 09:00:00,2014-01-25 11:00:00,7217.371299999999
2014-01-25 10:00:00,2014-01-25 12:00:00,1185.4984599999998
2014-01-25 11:00:00,2014-01-25 13:00:00,1035.3682399999998
2014-01-25 12:00:00,2014-01-25 14:00:00,2682.5728400000003
2014-01-25 13:00:00,2014-01-25 15:00:00,938.9284799999998
2014-01-25 14:00:00,2014-01-25 16:00:00,1054.0206000000003
2014-01-25 15:00:00,2014-01-25 17:00:00,4625.771160000001
2014-01-25 16:00:00,2014-01-25 18:00:00,1157.6335599999998
2014-01-25 17:00:00,2014-01-25 19:00:00,25772.358819999998
2014-01-25 18:00:00,2014-01-25 20:00:00,6792.143139999999
2014-01-25 19:00:00,2014-01-25 21:00:00,4587.78908
2014-01-25 20:00:00,2014-01-25 22:00:00,6686.790280000002
2014-01-25 21:00:00,2014-01-25 23:00:00,1178.9293399999997
2014-01-25 22:00:00,2014-01-26 00:00:00,944.07404
2014-01-25 23:00:00,2014-01-26 01:00:00,789.18016
2014-01-26 00:00:00,2014-01-26 02:00:00,718.3313200000001
2014-01-26 01:00:00,2014-01-26 03:00:00,683.4366399999998
2014-01-26 02:00:00,2014-01-26 04:00:00,682.6815600000002
2014-01-26 03:00:00,2014-01-26 05:00:00,669.9344
2014-01-26 04:00:00,2014-01-26 06:00:00,675.4702999999997
2014-01-26 05:00:00,2014-01-26 07:00:00,730.0423399999997
2014-01-26 06:00:00,2014-01-26 08:00:00,2880.8591999999994
2014-01-26 07:00:00,2014-01-26 09:00:00,888.8813599999996
2014-01-26 08:00:00,2014-01-26 10:00:00,1021.9091400000004
2014-01-26 09:00:00,2014-01-26 11:00:00,1088.5577199999998
2014-01-26 10:00:00,2014-01-26 12:00:00,1181.89
2014-01-26 11:00:00,2014-01-26 13:00:00,1206.3659599999996
2014-01-26 12:00:00,2014-01-26 14:00:00,1012.1997399999998
2014-01-26 13:00:00,2014-01-26 15:00:00,4198.858539999997
2014-01-26 14:00:00,2014-01-26 16:00:00,1050.3126600000003
2014-01-26 15:00:00,2014-01-26 17:00:00,1224.2456000000002
2014-01-26 16:00:00,2014-01-26 18:00:00,1240.9055199999996
2014-01-26 17:00:00,2014-01-26 19:00:00,1533.0705000000003
2014-01-26 18:00:00,2014-01-26 20:00:00,1341.8437199999998
2014-01-26 19:00:00,2014-01-26 21:00:00,1250.7175800000002
2014-01-26 20:00:00,2014-01-26 22:00:00,8082.78572
2014-01-26 21:00:00,2014-01-26 23:00:00,3306.3646200000007
2014-01-26 22:00:00,2014-01-27 00:00:00,1034.18212
2014-01-26 23:00:00,2014-01-27 01:00:00,814.7577200000002
2014-01-27 00:00:00,2014-01-27 02:00:00,712.04012
2014-01-27 01:00:00,2014-01-27 03:00:00,707.4305999999999
2014-01-27 02:00:00,2014-01-27 04:00:00,690.7762399999998
2014-01-27 03:00:00,2014-01-27 05:00:00,688.5442399999997
2014-01-27 04:00:00,2014-01-27 06:00:00,737.9314199999997
2014-01-27 05:00:00,2014-01-27 07:00:00,872.7985
2014-01-27 06:00:00,2014-01-27 08:00:00,954.4294400000003
2014-01-27 07:00:00,2014-01-27 09:00:00,1075.7531199999999
2014-01-27 08:00:00,2014-01-27 10:00:00,1296.9263400000004
2014-01-27 09:00:00,2014-01-27 11:00:00,1274.56512
2014-01-27 10:00:00,2014-01-27 12:00:00,1065.0404999999998
2014-01-27 11:00:00,2014-01-27 13:00:00,3660.1660200000006
2014-01-27 12:00:00,2014-01-27 14:00:00,6183.128199999999
2014-01-27 13:00:00,2014-01-27 15:00:00,1184.2913
2014-01-27 14:00:00,2014-01-27 16:00:00,1090.0060799999999
2014-01-27 15:00:00,2014-01-27 17:00:00,1158.2839199999999
2014-01-27 16:00:00,2014-01-27 18:00:00,1283.0241400000002
2014-01-27 17:00:00,2014-01-27 19:00:00,1362.24578
2014-01-27 18:00:00,2014-01-27 20:00:00,1366.4278
2014-01-27 19:00:00,2014-01-27 21:00:00,1329.6971199999998
2014-01-27 20:00:00,2014-01-27 22:00:00,1484.4216000000001
2014-01-27 21:00:00,2014-01-27 23:00:00,1211.68658
2014-01-27 22:00:00,2014-01-28 00:00:00,928.11114
2014-01-27 23:00:00,2014-01-28 01:00:00,752.7955799999999
2014-01-28 00:00:00,2014-01-28 02:00:00,666.2584400000001
2014-01-28 01:00:00,2014-01-28 03:00:00,639.2197999999997
2014-01-28 02:00:00,2014-01-28 04:00:00,680.8375799999999
2014-01-28 03:00:00,2014-01-28 05:00:00,2713.26324
2014-01-28 04:00:00,2014-01-28 06:00:00,2760.2408000000005
2014-01-28 05:00:00,2014-01-28 07:00:00,855.9076399999999
2014-01-28 06:00:00,2014-01-28 08:00:00,9717.303619999995
2014-01-28 07:00:00,2014-01-28 09:00:00,1093.9915599999997
2014-01-28 08:00:00,2014-01-28 10:00:00,1139.13298
2014-01-28 09:00:00,2014-01-28 11:00:00,1162.7738400000003
2014-01-28 10:00:00,2014-01-28 12:00:00,1100.6553199999998
2014-01-28 11:00:00,2014-01-28 13:00:00,1072.37528
2014-01-28 12:00:00,2014-01-28 14:00:00,1164.5187799999999
2014-01-28 13:00:00,2014-01-28 15:00:00,1060.5566999999999
2014-01-28 14:00:00,2014-01-28 16:00:00,1015.1322600000003
2014-01-28 15:00:00,2014-01-28 17:00:00,1096.6383799999999
2014-01-28 16:00:00,2014-01-28 18:00:00,1289.5862200000001
2014-01-28 17:00:00,2014-01-28 19:00:00,6348.941800000001
2014-01-28 18:00:00,2014-01-28 20:00:00,1393.5258399999998
2014-01-28 19:00:00,2014-01-28 21:00:00,1479.4365000000005
2014-01-28 20:00:00,2014-01-28 22:00:00,1457.4588599999995
2014-01-28 21:00:00,2014-01-28 23:00:00,1442.8433200000006
2014-01-28 22:00:00,2014-01-29 00:00:00,1113.6067400000002
2014-01-28 23:00:00,2014-01-29 01:00:00,837.5108199999999
2014-01-29 00:00:00,2014-01-29 02:00:00,767.1716399999998
2014-01-29 01:00:00,2014-01-29 03:00:00,1361.65874
2014-01-29 02:00:00,2014-01-29 04:00:00,2465.2134400000004
2014-01-29 03:00:00,2014-01-29 05:00:00,797.9866199999998
2014-01-29 04:00:00,2014-01-29 06:00:00,796.5214200000001
2014-01-29 05:00:00,2014-01-29 07:00:00,804.6307600000002
2014-01-29 06:00:00,2014-01-29 08:00:00,904.2101400000003
2014-01-29 07:00:00,2014-01-29 09:00:00,1045.13798
2014-01-29 08:00:00,2014-01-29 10:00:00,1250.0019599999998
2014-01-29 09:00:00,2014-01-29 11:00:00,4881.898400000002
2014-01-29 10:00:00,2014-01-29 12:00:00,1269.7656600000003
2014-01-29 11:00:00,2014-01-29 13:00:00,6039.5274199999985
2014-01-29 12:00:00,2014-01-29 14:00:00,3416.9741800000006
2014-01-29 13:00:00,2014-01-29 15:00:00,1040.7329200000001
2014-01-29 14:00:00,2014-01-29 16:00:00,1140.3649200000002
2014-01-29 15:00:00,2014-01-29 17:00:00,1177.9714600000002
2014-01-29 16:00:00,2014-01-29 18:00:00,1261.27306
2014-01-29 17:00:00,2014-01-29 19:00:00,1388.4870400000002
2014-01-29 18:00:00,2014-01-29 20:00:00,1525.2864800000007
2014-01-29 19:00:00,2014-01-29 21:00:00,1635.0011400000003
2014-01-29 20:00:00,2014-01-29 22:00:00,12709.104259999996
2014-01-29 21:00:00,2014-01-29 23:00:00,1360.3668800000005
2014-01-29 22:00:00,2014-01-30 00:00:00,1120.1979599999997
2014-01-29 23:00:00,2014-01-30 01:00:00,898.2413400000002
2014-01-30 00:00:00,2014-01-30 02:00:00,2864.9419799999996
2014-01-30 01:00:00,2014-01-30 03:00:00,2868.3244199999995
2014-01-30 02:00:00,2014-01-30 04:00:00,791.0305400000003
2014-01-30 03:00:00,2014-01-30 05:00:00,765.07554
2014-01-30 04:00:00,2014-01-30 06:00:00,820.5117999999997
2014-01-30 05:00:00,2014-01-30 07:00:00,814.1226200000002
2014-01-30 06:00:00,2014-01-30 08:00:00,850.7789199999996
2014-01-30 07:00:00,2014-01-30 09:00:00,1024.9798
2014-01-30 08:00:00,2014-01-30 10:00:00,1175.53994
2014-01-30 09:00:00,2014-01-30 11:00:00,3434.2005400000003
2014-01-30 10:00:00,2014-01-30 12:00:00,1356.041
2014-01-30 11:00:00,2014-01-30 13:00:00,6450.19284
2014-01-30 12:00:00,2014-01-30 14:00:00,1165.5675399999998
2014-01-30 13:00:00,2014-01-30 15:00:00,4478.928140000001
2014-01-30 14:00:00,2014-01-30 16:00:00,1280.7979400000002
2014-01-30 15:00:00,2014-01-30 17:00:00,1353.4083000000003
2014-01-30 16:00:00,2014-01-30 18:00:00,1302.0841
2014-01-30 17:00:00,2014-01-30 19:00:00,1321.35154
2014-01-30 18:00:00,2014-01-30 20:00:00,1410.9397600000007
2014-01-30 19:00:00,2014-01-30 21:00:00,1523.8844999999994
2014-01-30 20:00:00,2014-01-30 22:00:00,1378.5920199999996
2014-01-30 21:00:00,2014-01-30 23:00:00,5256.053620000001
2014-01-30 22:00:00,2014-01-31 00:00:00,1119.93104
2014-01-30 23:00:00,2014-01-31 01:00:00,890.45642
2014-01-31 00:00:00,2014-01-31 02:00:00,2791.8709799999997
2014-01-31 01:00:00,2014-01-31 03:00:00,788.8002000000001
2014-01-31 02:00:00,2014-01-31 04:00:00,741.8019000000002
2014-01-31 03:00:00,2014-01-31 05:00:00,692.8744400000002
2014-01-31 04:00:00,2014-01-31 06:00:00,670.47422
2014-01-31 05:00:00,2014-01-31 07:00:00,695.9127799999998
2014-01-31 06:00:00,2014-01-31 08:00:00,838.0268399999998
2014-01-31 07:00:00,2014-01-31 09:00:00,1008.5491400000001
2014-01-31 08:00:00,2014-01-31 10:00:00,1030.9118600000002
2014-01-31 09:00:00,2014-01-31 11:00:00,1142.0560200000002
2014-01-31 10:00:00,2014-01-31 12:00:00,1483.6684599999999
2014-01-31 11:00:00,2014-01-31 13:00:00,1307.0707400000001
2014-01-31 12:00:00,2014-01-31 14:00:00,1236.7781399999997
2014-01-31 13:00:00,2014-01-31 15:00:00,1148.08282
2014-01-31 14:00:00,2014-01-31 16:00:00,1205.2459399999998
2014-01-31 15:00:00,2014-01-31 17:00:00,3463.0950800000005
2014-01-31 16:00:00,2014-01-31 18:00:00,1209.4290799999994
2014-01-31 17:00:00,2014-01-31 19:00:00,1359.0052800000003
2014-01-31 18:00:00,2014-01-31 20:00:00,1316.3263199999994
2014-01-31 19:00:00,2014-01-31 21:00:00,1405.7928600000005
2014-01-31 20:00:00,2014-01-31 22:00:00,1313.8106999999998
2014-01-31 21:00:00,2014-01-31 23:00:00,1286.6593199999995
2014-01-31 22:00:00,2014-02-01 00:00:00,1057.35788
2014-01-31 23:00:00,2014-02-01 01:00:00,974.5727999999999
2014-02-01 00:00:00,2014-02-01 02:00:00,712.06742
2014-02-01 01:00:00,2014-02-01 03:00:00,719.8443200000002
2014-02-01 02:00:00,2014-02-01 04:00:00,3295.067619999998
2014-02-01 03:00:00,2014-02-01 05:00:00,711.77842
2014-02-01 04:00:00,2014-02-01 06:00:00,706.99782
2014-02-01 05:00:00,2014-02-01 07:00:00,777.2855799999999
2014-02-01 06:00:00,2014-02-01 08:00:00,922.2101399999999
2014-02-01 07:00:00,2014-02-01 09:00:00,1006.80312
2014-02-01 08:00:00,2014-02-01 10:00:00,1000.3931999999996
2014-02-01 09:00:00,2014-02-01 11:00:00,4189.43316
2014-02-01 10:00:00,2014-02-01 12:00:00,1004.2845200000003
2014-02-01 11:00:00,2014-02-01 13:00:00,1047.6481999999999
2014-02-01 12:00:00,2014-02-01 14:00:00,998.8650599999999
2014-02-01 13:00:00,2014-02-01 15:00:00,1967.9887599999997
2014-02-01 14:00:00,2014-02-01 16:00:00,988.5060799999997
2014-02-01 15:00:00,2014-02-01 17:00:00,1107.6676199999997
2014-02-01 16:00:00,2014-02-01 18:00:00,4346.307880000002
2014-02-01 17:00:00,2014-02-01 19:00:00,4593.277080000002
2014-02-01 18:00:00,2014-02-01 20:00:00,4128.210320000001
2014-02-01 19:00:00,2014-02-01 21:00:00,3877.8613999999993
2014-02-01 20:00:00,2014-02-01 22:00:00,3765.8170000000014
2014-02-01 21:00:00,2014-02-01 23:00:00,1092.9112399999997
2014-02-01 22:00:00,2014-02-02 00:00:00,4383.863179999999
2014-02-01 23:00:00,2014-02-02 01:00:00,4203.18862
2014-02-02 00:00:00,2014-02-02 02:00:00,686.2768399999999
2014-02-02 01:00:00,2014-02-02 03:00:00,627.1556800000001
2014-02-02 02:00:00,2014-02-02 04:00:00,1170.6602599999999
2014-02-02 03:00:00,2014-02-02 05:00:00,601.3712799999998
2014-02-02 04:00:00,2014-02-02 06:00:00,658.43632
2014-02-02 05:00:00,2014-02-02 07:00:00,718.23932
2014-02-02 06:00:00,2014-02-02 08:00:00,900.2110000000001
2014-02-02 07:00:00,2014-02-02 09:00:00,945.0690800000002
2014-02-02 08:00:00,2014-02-02 10:00:00,1030.9304000000002
2014-02-02 09:00:00,2014-02-02 11:00:00,7372.775099999998
2014-02-02 10:00:00,2014-02-02 12:00:00,1160.01396
2014-02-02 11:00:00,2014-02-02 13:00:00,4297.2779
2014-02-02 12:00:00,2014-02-02 14:00:00,992.9852600000005
2014-02-02 13:00:00,2014-02-02 15:00:00,18328.269260000005
2014-02-02 14:00:00,2014-02-02 16:00:00,1066.4460600000002
2014-02-02 15:00:00,2014-02-02 17:00:00,1110.46876
2014-02-02 16:00:00,2014-02-02 18:00:00,6481.936539999999
2014-02-02 17:00:00,2014-02-02 19:00:00,6645.091340000001
2014-02-02 18:00:00,2014-02-02 20:00:00,1398.7066399999999
2014-02-02 19:00:00,2014-02-02 21:00:00,1333.0348999999999
2014-02-02 20:00:00,2014-02-02 22:00:00,4510.563480000001
2014-02-02 21:00:00,2014-02-02 23:00:00,1107.403
2014-02-02 22:00:00,2014-02-03 00:00:00,9216.52268
2014-02-02 23:00:00,2014-02-03 01:00:00,745.1886400000001
2014-02-03 00:00:00,2014-02-03 02:00:00,595.8188400000001
2014-02-03 01:00:00,2014-02-03 03:00:00,2627.3858799999994
2014-02-03 02:00:00,2014-02-03 04:00:00,594.62432
2014-02-03 03:00:00,2014-02-03 05:00:00,611.6991599999999
2014-02-03 04:00:00,2014-02-03 06:00:00,617.10822
2014-02-03 05:00:00,2014-02-03 07:00:00,692.7402400000002
2014-02-03 06:00:00,2014-02-03 08:00:00,795.09908
2014-02-03 07:00:00,2014-02-03 09:00:00,958.9787199999997
2014-02-03 08:00:00,2014-02-03 10:00:00,988.0586000000001
2014-02-03 09:00:00,2014-02-03 11:00:00,1010.3438199999999
2014-02-03 10:00:00,2014-02-03 12:00:00,1539.07534
2014-02-03 11:00:00,2014-02-03 13:00:00,1097.88598
2014-02-03 12:00:00,2014-02-03 14:00:00,1121.0882000000001
2014-02-03 13:00:00,2014-02-03 15:00:00,925.5731800000001
2014-02-03 14:00:00,2014-02-03 16:00:00,4082.796739999999
2014-02-03 15:00:00,2014-02-03 17:00:00,28064.80136000001
2014-02-03 16:00:00,2014-02-03 18:00:00,1142.88204
2014-02-03 17:00:00,2014-02-03 19:00:00,3991.0549400000004
2014-02-03 18:00:00,2014-02-03 20:00:00,1240.91096
2014-02-03 19:00:00,2014-02-03 21:00:00,4708.40902
2014-02-03 20:00:00,2014-02-03 22:00:00,1294.51098
2014-02-03 21:00:00,2014-02-03 23:00:00,1310.2993199999996
2014-02-03 22:00:00,2014-02-04 00:00:00,1015.3864199999997
2014-02-03 23:00:00,2014-02-04 01:00:00,775.03542
2014-02-04 00:00:00,2014-02-04 02:00:00,655.0477999999999
2014-02-04 01:00:00,2014-02-04 03:00:00,640.38782
2014-02-04 02:00:00,2014-02-04 04:00:00,624.0173799999998
2014-02-04 03:00:00,2014-02-04 05:00:00,652.4913400000002
2014-02-04 04:00:00,2014-02-04 06:00:00,609.0576199999999
2014-02-04 05:00:00,2014-02-04 07:00:00,701.8174599999999
2014-02-04 06:00:00,2014-02-04 08:00:00,857.19082
2014-02-04 07:00:00,2014-02-04 09:00:00,922.22974
2014-02-04 08:00:00,2014-02-04 10:00:00,1022.0918399999998
2014-02-04 09:00:00,2014-02-04 11:00:00,1052.0017
2014-02-04 10:00:00,2014-02-04 12:00:00,1679.1955800000005
2014-02-04 11:00:00,2014-02-04 13:00:00,6215.8532000000005
2014-02-04 12:00:00,2014-02-04 14:00:00,1034.5729199999998
2014-02-04 13:00:00,2014-02-04 15:00:00,6095.813079999998
2014-02-04 14:00:00,2014-02-04 16:00:00,990.3049400000001
2014-02-04 15:00:00,2014-02-04 17:00:00,4185.4104
2014-02-04 16:00:00,2014-02-04 18:00:00,1112.6175799999999
2014-02-04 17:00:00,2014-02-04 19:00:00,1266.4322200000001
2014-02-04 18:00:00,2014-02-04 20:00:00,1271.67036
2014-02-04 19:00:00,2014-02-04 21:00:00,1314.49636
2014-02-04 20:00:00,2014-02-04 22:00:00,4563.771739999999
2014-02-04 21:00:00,2014-02-04 23:00:00,1125.1986800000002
2014-02-04 22:00:00,2014-02-05 00:00:00,980.0933200000001
2014-02-04 23:00:00,2014-02-05 01:00:00,2781.4170400000003
2014-02-05 00:00:00,2014-02-05 02:00:00,617.4749599999998
2014-02-05 01:00:00,2014-02-05 03:00:00,616.76952
2014-02-05 02:00:00,2014-02-05 04:00:00,3415.907339999999
2014-02-05 03:00:00,2014-02-05 05:00:00,1150.7434200000002
2014-02-05 04:00:00,2014-02-05 06:00:00,2654.0057600000005
2014-02-05 05:00:00,2014-02-05 07:00:00,669.7226999999999
2014-02-05 06:00:00,2014-02-05 08:00:00,764.4159800000002
2014-02-05 07:00:00,2014-02-05 09:00:00,864.8799400000004
2014-02-05 08:00:00,2014-02-05 10:00:00,888.77672
2014-02-05 09:00:00,2014-02-05 11:00:00,5552.753580000001
2014-02-05 10:00:00,2014-02-05 12:00:00,4123.1079
2014-02-05 11:00:00,2014-02-05 13:00:00,970.5574600000001
2014-02-05 12:00:00,2014-02-05 14:00:00,996.3208800000003
2014-02-05 13:00:00,2014-02-05 15:00:00,973.1119200000003
2014-02-05 14:00:00,2014-02-05 16:00:00,1102.8067
2014-02-05 15:00:00,2014-02-05 17:00:00,1129.7692399999999
2014-02-05 16:00:00,2014-02-05 18:00:00,1209.0660000000005
2014-02-05 17:00:00,2014-02-05 19:00:00,5091.7482
2014-02-05 18:00:00,2014-02-05 20:00:00,4670.453220000002
2014-02-05 19:00:00,2014-02-05 21:00:00,7966.117659999999
2014-02-05 20:00:00,2014-02-05 22:00:00,3212.9447400000017
2014-02-05 21:00:00,2014-02-05 23:00:00,4015.6541
2014-02-05 22:00:00,2014-02-06 00:00:00,1040.2591400000003
2014-02-05 23:00:00,2014-02-06 01:00:00,1304.2532400000002
2014-02-06 00:00:00,2014-02-06 02:00:00,645.8319600000001
2014-02-06 01:00:00,2014-02-06 03:00:00,620.1504399999997
2014-02-06 02:00:00,2014-02-06 04:00:00,634.2841
2014-02-06 03:00:00,2014-02-06 05:00:00,650.6908000000003
2014-02-06 04:00:00,2014-02-06 06:00:00,622.9951
2014-02-06 05:00:00,2014-02-06 07:00:00,673.4289400000004
2014-02-06 06:00:00,2014-02-06 08:00:00,744.5914800000003
2014-02-06 07:00:00,2014-02-06 09:00:00,922.7796
2014-02-06 08:00:00,2014-02-06 10:00:00,3584.2271999999994
2014-02-06 09:00:00,2014-02-06 11:00:00,4267.308560000001
2014-02-06 10:00:00,2014-02-06 12:00:00,1200.8394400000002
2014-02-06 11:00:00,2014-02-06 13:00:00,1194.1682
2014-02-06 12:00:00,2014-02-06 14:00:00,1154.0519799999995
2014-02-06 13:00:00,2014-02-06 15:00:00,1094.6323799999998
2014-02-06 14:00:00,2014-02-06 16:00:00,1112.8942600000005
2014-02-06 15:00:00,2014-02-06 17:00:00,1128.6366199999995
2014-02-06 16:00:00,2014-02-06 18:00:00,1150.87922
2014-02-06 17:00:00,2014-02-06 19:00:00,1355.3842000000004
2014-02-06 18:00:00,2014-02-06 20:00:00,1308.7412199999997
2014-02-06 19:00:00,2014-02-06 21:00:00,7642.494479999999
2014-02-06 20:00:00,2014-02-06 22:00:00,1355.75782
2014-02-06 21:00:00,2014-02-06 23:00:00,1164.8281399999998
2014-02-06 22:00:00,2014-02-07 00:00:00,1014.0353999999998
2014-02-06 23:00:00,2014-02-07 01:00:00,780.2543599999998
2014-02-07 00:00:00,2014-02-07 02:00:00,768.25478
2014-02-07 01:00:00,2014-02-07 03:00:00,733.5180400000004
2014-02-07 02:00:00,2014-02-07 04:00:00,747.7196999999999
2014-02-07 03:00:00,2014-02-07 05:00:00,714.00446
2014-02-07 04:00:00,2014-02-07 06:00:00,739.2739799999999
2014-02-07 05:00:00,2014-02-07 07:00:00,6096.603719999997
2014-02-07 06:00:00,2014-02-07 08:00:00,861.7183199999998
2014-02-07 07:00:00,2014-02-07 09:00:00,1144.4258000000002
2014-02-07 08:00:00,2014-02-07 10:00:00,1212.2357800000004
2014-02-07 09:00:00,2014-02-07 11:00:00,1078.42432
2014-02-07 10:00:00,2014-02-07 12:00:00,1042.32724
2014-02-07 11:00:00,2014-02-07 13:00:00,1080.62428
2014-02-07 12:00:00,2014-02-07 14:00:00,1158.72806
2014-02-07 13:00:00,2014-02-07 15:00:00,4523.206699999999
2014-02-07 14:00:00,2014-02-07 16:00:00,10666.492499999998
2014-02-07 15:00:00,2014-02-07 17:00:00,5790.862320000001
2014-02-07 16:00:00,2014-02-07 18:00:00,4301.041000000001
2014-02-07 17:00:00,2014-02-07 19:00:00,1308.7917599999998
2014-02-07 18:00:00,2014-02-07 20:00:00,1401.4571600000002
2014-02-07 19:00:00,2014-02-07 21:00:00,13816.620039999996
2014-02-07 20:00:00,2014-02-07 22:00:00,1258.6496399999996
2014-02-07 21:00:00,2014-02-07 23:00:00,1166.98902
2014-02-07 22:00:00,2014-02-08 00:00:00,1079.8564599999997
2014-02-07 23:00:00,2014-02-08 01:00:00,6461.521459999999
2014-02-08 00:00:00,2014-02-08 02:00:00,796.01304
2014-02-08 01:00:00,2014-02-08 03:00:00,698.89378
2014-02-08 02:00:00,2014-02-08 04:00:00,682.8509600000001
2014-02-08 03:00:00,2014-02-08 05:00:00,706.9242199999999
2014-02-08 04:00:00,2014-02-08 06:00:00,697.7821
2014-02-08 05:00:00,2014-02-08 07:00:00,767.3985600000001
2014-02-08 06:00:00,2014-02-08 08:00:00,4610.826200000001
2014-02-08 07:00:00,2014-02-08 09:00:00,7147.685700000001
2014-02-08 08:00:00,2014-02-08 10:00:00,5948.9776600000005
2014-02-08 09:00:00,2014-02-08 11:00:00,1023.3166
2014-02-08 10:00:00,2014-02-08 12:00:00,3615.081559999999
2014-02-08 11:00:00,2014-02-08 13:00:00,1202.03296
2014-02-08 12:00:00,2014-02-08 14:00:00,1139.3399200000001
2014-02-08 13:00:00,2014-02-08 15:00:00,1066.0677
2014-02-08 14:00:00,2014-02-08 16:00:00,1072.8145200000001
2014-02-08 15:00:00,2014-02-08 17:00:00,6097.282879999998
2014-02-08 16:00:00,2014-02-08 18:00:00,10269.664780000001
2014-02-08 17:00:00,2014-02-08 19:00:00,6552.11768
2014-02-08 18:00:00,2014-02-08 20:00:00,1356.2495799999995
2014-02-08 19:00:00,2014-02-08 21:00:00,3810.1668200000013
2014-02-08 20:00:00,2014-02-08 22:00:00,1311.44912
2014-02-08 21:00:00,2014-02-08 23:00:00,1276.7437600000003
2014-02-08 22:00:00,2014-02-09 00:00:00,1047.8555600000004
2014-02-08 23:00:00,2014-02-09 01:00:00,1397.8216000000007
2014-02-09 00:00:00,2014-02-09 02:00:00,710.33212
2014-02-09 01:00:00,2014-02-09 03:00:00,664.5557
2014-02-09 02:00:00,2014-02-09 04:00:00,613.8409800000001
2014-02-09 03:00:00,2014-02-09 05:00:00,640.3386000000004
2014-02-09 04:00:00,2014-02-09 06:00:00,647.46106
2014-02-09 05:00:00,2014-02-09 07:00:00,775.2794799999998
2014-02-09 06:00:00,2014-02-09 08:00:00,929.8652800000001
2014-02-09 07:00:00,2014-02-09 09:00:00,953.7652600000001
2014-02-09 08:00:00,2014-02-09 10:00:00,1011.7786400000001
2014-02-09 09:00:00,2014-02-09 11:00:00,1117.1399
2014-02-09 10:00:00,2014-02-09 12:00:00,1121.2407600000001
2014-02-09 11:00:00,2014-02-09 13:00:00,5840.355040000001
2014-02-09 12:00:00,2014-02-09 14:00:00,1068.5107200000002
2014-02-09 13:00:00,2014-02-09 15:00:00,1181.3764400000002
2014-02-09 14:00:00,2014-02-09 16:00:00,1250.03396
2014-02-09 15:00:00,2014-02-09 17:00:00,1093.7394199999997
2014-02-09 16:00:00,2014-02-09 18:00:00,1347.7789999999998
2014-02-09 17:00:00,2014-02-09 19:00:00,1875.31844
2014-02-09 18:00:00,2014-02-09 20:00:00,1310.9799400000002
2014-02-09 19:00:00,2014-02-09 21:00:00,4978.613139999999
2014-02-09 20:00:00,2014-02-09 22:00:00,1376.8654199999999
2014-02-09 21:00:00,2014-02-09 23:00:00,4619.319879999997
2014-02-09 22:00:00,2014-02-10 00:00:00,1065.3223800000003
2014-02-09 23:00:00,2014-02-10 01:00:00,796.9732799999999
2014-02-10 00:00:00,2014-02-10 02:00:00,691.2292400000001
2014-02-10 01:00:00,2014-02-10 03:00:00,689.1612600000003
2014-02-10 02:00:00,2014-02-10 04:00:00,682.9119400000001
2014-02-10 03:00:00,2014-02-10 05:00:00,643.9222200000003
2014-02-10 04:00:00,2014-02-10 06:00:00,654.9903400000001
2014-02-10 05:00:00,2014-02-10 07:00:00,720.1593
2014-02-10 06:00:00,2014-02-10 08:00:00,877.0232999999997
2014-02-10 07:00:00,2014-02-10 09:00:00,5664.604839999999
2014-02-10 08:00:00,2014-02-10 10:00:00,867.9329000000002
2014-02-10 09:00:00,2014-02-10 11:00:00,953.3023000000002
2014-02-10 10:00:00,2014-02-10 12:00:00,1017.89194
2014-02-10 11:00:00,2014-02-10 13:00:00,1032.39298
2014-02-10 12:00:00,2014-02-10 14:00:00,1039.3504400000002
2014-02-10 13:00:00,2014-02-10 15:00:00,8354.690359999999
2014-02-10 14:00:00,2014-02-10 16:00:00,5887.73828
2014-02-10 15:00:00,2014-02-10 17:00:00,1151.36868
2014-02-10 16:00:00,2014-02-10 18:00:00,1177.06552
2014-02-10 17:00:00,2014-02-10 19:00:00,2010.33552
2014-02-10 18:00:00,2014-02-10 20:00:00,1470.5173999999995
2014-02-10 19:00:00,2014-02-10 21:00:00,5149.370499999998
2014-02-10 20:00:00,2014-02-10 22:00:00,1287.7134800000006
2014-02-10 21:00:00,2014-02-10 23:00:00,1165.64788
2014-02-10 22:00:00,2014-02-11 00:00:00,895.3298000000002
2014-02-10 23:00:00,2014-02-11 01:00:00,670.77554
2014-02-11 00:00:00,2014-02-11 02:00:00,585.28286
2014-02-11 01:00:00,2014-02-11 03:00:00,616.5563200000001
2014-02-11 02:00:00,2014-02-11 04:00:00,640.1920799999999
2014-02-11 03:00:00,2014-02-11 05:00:00,619.6092
2014-02-11 04:00:00,2014-02-11 06:00:00,629.1446399999999
2014-02-11 05:00:00,2014-02-11 07:00:00,790.0153199999997
2014-02-11 06:00:00,2014-02-11 08:00:00,863.6122599999999
2014-02-11 07:00:00,2014-02-11 09:00:00,1010.44746
2014-02-11 08:00:00,2014-02-11 10:00:00,945.38724
2014-02-11 09:00:00,2014-02-11 11:00:00,1057.49014
2014-02-11 10:00:00,2014-02-11 12:00:00,1122.8610399999998
2014-02-11 11:00:00,2014-02-11 13:00:00,1204.2987200000005
2014-02-11 12:00:00,2014-02-11 14:00:00,1360.47196
2014-02-11 13:00:00,2014-02-11 15:00:00,4221.058159999997
2014-02-11 14:00:00,2014-02-11 16:00:00,10433.505000000001
2014-02-11 15:00:00,2014-02-11 17:00:00,1241.18568
2014-02-11 16:00:00,2014-02-11 18:00:00,1291.2747399999998
2014-02-11 17:00:00,2014-02-11 19:00:00,4713.913140000001
2014-02-11 18:00:00,2014-02-11 20:00:00,7167.882220000001
2014-02-11 19:00:00,2014-02-11 21:00:00,1335.2919600000005
2014-02-11 20:00:00,2014-02-11 22:00:00,1225.5192599999998
2014-02-11 21:00:00,2014-02-11 23:00:00,2402.55914
2014-02-11 22:00:00,2014-02-12 00:00:00,930.6453200000002
2014-02-11 23:00:00,2014-02-12 01:00:00,855.05696
2014-02-12 00:00:00,2014-02-12 02:00:00,721.87824
2014-02-12 01:00:00,2014-02-12 03:00:00,671.0830999999998
2014-02-12 02:00:00,2014-02-12 04:00:00,2750.3846399999998
2014-02-12 03:00:00,2014-02-12 05:00:00,699.3472800000001
2014-02-12 04:00:00,2014-02-12 06:00:00,712.03304
2014-02-12 05:00:00,2014-02-12 07:00:00,784.3792000000001
2014-02-12 06:00:00,2014-02-12 08:00:00,928.5597800000003
2014-02-12 07:00:00,2014-02-12 09:00:00,921.0772599999999
2014-02-12 08:00:00,2014-02-12 10:00:00,1097.2475399999998
2014-02-12 09:00:00,2014-02-12 11:00:00,4718.862900000001
2014-02-12 10:00:00,2014-02-12 12:00:00,1127.0365400000003
2014-02-12 11:00:00,2014-02-12 13:00:00,1133.82708
2014-02-12 12:00:00,2014-02-12 14:00:00,1014.1645199999998
2014-02-12 13:00:00,2014-02-12 15:00:00,974.87736
2014-02-12 14:00:00,2014-02-12 16:00:00,1086.44626
2014-02-12 15:00:00,2014-02-12 17:00:00,1157.2478600000004
2014-02-12 16:00:00,2014-02-12 18:00:00,1097.8942
2014-02-12 17:00:00,2014-02-12 19:00:00,1418.1755400000004
2014-02-12 18:00:00,2014-02-12 20:00:00,6948.184359999999
2014-02-12 19:00:00,2014-02-12 21:00:00,4144.029539999999
2014-02-12 20:00:00,2014-02-12 22:00:00,4181.986399999999
2014-02-12 21:00:00,2014-02-12 23:00:00,1199.91606
2014-02-12 22:00:00,2014-02-13 00:00:00,1011.1895000000001
2014-02-12 23:00:00,2014-02-13 01:00:00,845.3854399999999
2014-02-13 00:00:00,2014-02-13 02:00:00,827.6610999999999
2014-02-13 01:00:00,2014-02-13 03:00:00,780.9951000000001
2014-02-13 02:00:00,2014-02-13 04:00:00,692.10544
2014-02-13 03:00:00,2014-02-13 05:00:00,2705.7188400000005
2014-02-13 04:00:00,2014-02-13 06:00:00,669.5830200000001
2014-02-13 05:00:00,2014-02-13 07:00:00,714.3060799999998
2014-02-13 06:00:00,2014-02-13 08:00:00,766.0047200000004
2014-02-13 07:00:00,2014-02-13 09:00:00,4515.223259999996
2014-02-13 08:00:00,2014-02-13 10:00:00,992.8801200000001
2014-02-13 09:00:00,2014-02-13 11:00:00,1103.1429
2014-02-13 10:00:00,2014-02-13 12:00:00,1075.0549999999998
2014-02-13 11:00:00,2014-02-13 13:00:00,4707.29782
2014-02-13 12:00:00,2014-02-13 14:00:00,6092.97342
2014-02-13 13:00:00,2014-02-13 15:00:00,4113.17754
2014-02-13 14:00:00,2014-02-13 16:00:00,1025.9702
2014-02-13 15:00:00,2014-02-13 17:00:00,1090.92538
2014-02-13 16:00:00,2014-02-13 18:00:00,1130.0072799999998
2014-02-13 17:00:00,2014-02-13 19:00:00,1229.61452
2014-02-13 18:00:00,2014-02-13 20:00:00,1285.9304799999998
2014-02-13 19:00:00,2014-02-13 21:00:00,3890.3777199999995
2014-02-13 20:00:00,2014-02-13 22:00:00,1247.24104
2014-02-13 21:00:00,2014-02-13 23:00:00,1166.15346
2014-02-13 22:00:00,2014-02-14 00:00:00,1072.3389599999998
2014-02-13 23:00:00,2014-02-14 01:00:00,778.0494800000001
2014-02-14 00:00:00,2014-02-14 02:00:00,1267.05586
2014-02-14 01:00:00,2014-02-14 03:00:00,679.0217399999998
2014-02-14 02:00:00,2014-02-14 04:00:00,628.4466399999999
2014-02-14 03:00:00,2014-02-14 05:00:00,638.4582200000001
2014-02-14 04:00:00,2014-02-14 06:00:00,716.3106000000001
2014-02-14 05:00:00,2014-02-14 07:00:00,785.0824800000005
2014-02-14 06:00:00,2014-02-14 08:00:00,882.10244
2014-02-14 07:00:00,2014-02-14 09:00:00,9209.242300000004
2014-02-14 08:00:00,2014-02-14 10:00:00,1003.3652
2014-02-14 09:00:00,2014-02-14 11:00:00,999.2658199999998
2014-02-14 10:00:00,2014-02-14 12:00:00,5267.952159999997
2014-02-14 11:00:00,2014-02-14 13:00:00,1042.4070000000002
2014-02-14 12:00:00,2014-02-14 14:00:00,1154.4526600000002
2014-02-14 13:00:00,2014-02-14 15:00:00,1185.0689799999998
2014-02-14 14:00:00,2014-02-14 16:00:00,1202.28722
2014-02-14 15:00:00,2014-02-14 17:00:00,1149.2862000000002
2014-02-14 16:00:00,2014-02-14 18:00:00,1220.8633000000002
2014-02-14 17:00:00,2014-02-14 19:00:00,1269.8429800000004
2014-02-14 18:00:00,2014-02-14 20:00:00,1291.05498
2014-02-14 19:00:00,2014-02-14 21:00:00,1375.8919399999997
2014-02-14 20:00:00,2014-02-14 22:00:00,1409.3076800000003
2014-02-14 21:00:00,2014-02-14 23:00:00,3929.5519800000006
2014-02-14 22:00:00,2014-02-15 00:00:00,1011.0761399999998
2014-02-14 23:00:00,2014-02-15 01:00:00,851.8899799999997
2014-02-15 00:00:00,2014-02-15 02:00:00,6406.7197799999985
2014-02-15 01:00:00,2014-02-15 03:00:00,765.9537799999999
2014-02-15 02:00:00,2014-02-15 04:00:00,738.4542399999999
2014-02-15 03:00:00,2014-02-15 05:00:00,731.7668399999999
2014-02-15 04:00:00,2014-02-15 06:00:00,771.7069200000001
2014-02-15 05:00:00,2014-02-15 07:00:00,918.4266600000002
2014-02-15 06:00:00,2014-02-15 08:00:00,1122.51902
2014-02-15 07:00:00,2014-02-15 09:00:00,1216.71842
2014-02-15 08:00:00,2014-02-15 10:00:00,1194.72142
2014-02-15 09:00:00,2014-02-15 11:00:00,1014.9039399999997
2014-02-15 10:00:00,2014-02-15 12:00:00,1049.7464
2014-02-15 11:00:00,2014-02-15 13:00:00,945.7480199999999
2014-02-15 12:00:00,2014-02-15 14:00:00,1083.7003399999999
2014-02-15 13:00:00,2014-02-15 15:00:00,1002.3315000000002
2014-02-15 14:00:00,2014-02-15 16:00:00,1125.9549000000002
2014-02-15 15:00:00,2014-02-15 17:00:00,1053.55474
2014-02-15 16:00:00,2014-02-15 18:00:00,1014.43074
2014-02-15 17:00:00,2014-02-15 19:00:00,1233.4037600000004
2014-02-15 18:00:00,2014-02-15 20:00:00,1328.1936199999998
2014-02-15 19:00:00,2014-02-15 21:00:00,16093.3853
2014-02-15 20:00:00,2014-02-15 22:00:00,4818.680619999999
2014-02-15 21:00:00,2014-02-15 23:00:00,1295.6052400000003
2014-02-15 22:00:00,2014-02-16 00:00:00,4311.373540000001
2014-02-15 23:00:00,2014-02-16 01:00:00,774.4182
2014-02-16 00:00:00,2014-02-16 02:00:00,1188.93874
2014-02-16 01:00:00,2014-02-16 03:00:00,1170.3936399999993
2014-02-16 02:00:00,2014-02-16 04:00:00,615.68862
2014-02-16 03:00:00,2014-02-16 05:00:00,2646.4846400000006
2014-02-16 04:00:00,2014-02-16 06:00:00,692.4867600000002
2014-02-16 05:00:00,2014-02-16 07:00:00,5938.241560000001
2014-02-16 06:00:00,2014-02-16 08:00:00,4112.379260000001
2014-02-16 07:00:00,2014-02-16 09:00:00,25072.524100000002
2014-02-16 08:00:00,2014-02-16 10:00:00,11283.735820000002
2014-02-16 09:00:00,2014-02-16 11:00:00,7151.8823600000005
2014-02-16 10:00:00,2014-02-16 12:00:00,8648.724780000006
2014-02-16 11:00:00,2014-02-16 13:00:00,11931.037119999994
2014-02-16 12:00:00,2014-02-16 14:00:00,1019.18654
2014-02-16 13:00:00,2014-02-16 15:00:00,1056.00868
2014-02-16 14:00:00,2014-02-16 16:00:00,1131.1457
2014-02-16 15:00:00,2014-02-16 17:00:00,6774.697420000001
2014-02-16 16:00:00,2014-02-16 18:00:00,1193.87742
2014-02-16 17:00:00,2014-02-16 19:00:00,1330.0714600000001
2014-02-16 18:00:00,2014-02-16 20:00:00,14173.364380000003
2014-02-16 19:00:00,2014-02-16 21:00:00,13635.522740000002
2014-02-16 20:00:00,2014-02-16 22:00:00,3729.660699999999
2014-02-16 21:00:00,2014-02-16 23:00:00,5132.127780000001
2014-02-16 22:00:00,2014-02-17 00:00:00,6030.05804
2014-02-16 23:00:00,2014-02-17 01:00:00,3243.3324400000006
2014-02-17 00:00:00,2014-02-17 02:00:00,619.67738
2014-02-17 01:00:00,2014-02-17 03:00:00,588.57942
2014-02-17 02:00:00,2014-02-17 04:00:00,600.9564799999998
2014-02-17 03:00:00,2014-02-17 05:00:00,603.0885599999999
2014-02-17 04:00:00,2014-02-17 06:00:00,589.3965199999999
2014-02-17 05:00:00,2014-02-17 07:00:00,2708.3547599999993
2014-02-17 06:00:00,2014-02-17 08:00:00,797.2791000000002
2014-02-17 07:00:00,2014-02-17 09:00:00,6702.751000000001
2014-02-17 08:00:00,2014-02-17 10:00:00,835.4494200000001
2014-02-17 09:00:00,2014-02-17 11:00:00,4131.38228
2014-02-17 10:00:00,2014-02-17 12:00:00,1095.3378800000003
2014-02-17 11:00:00,2014-02-17 13:00:00,1019.2177599999998
2014-02-17 12:00:00,2014-02-17 14:00:00,983.94986
2014-02-17 13:00:00,2014-02-17 15:00:00,1052.63892
2014-02-17 14:00:00,2014-02-17 16:00:00,1113.44824
                                                                                                                                                                                